0 verbose cli /Users/ffujisaki/.nvm/versions/node/v20.6.0/bin/node /Users/ffujisaki/.nvm/versions/node/v20.6.0/bin/npm
1 info using npm@9.8.1
2 info using node@v20.6.0
3 timing npm:load:whichnode Completed in 1ms
4 timing config:load:defaults Completed in 1ms
5 timing config:load:file:/Users/ffujisaki/.nvm/versions/node/v20.6.0/lib/node_modules/npm/npmrc Completed in 0ms
6 timing config:load:builtin Completed in 1ms
7 timing config:load:cli Completed in 2ms
8 timing config:load:env Completed in 0ms
9 timing config:load:file:/Users/ffujisaki/Dev/vancouver-delay/.npmrc Completed in 0ms
10 timing config:load:project Completed in 2ms
11 timing config:load:file:/Users/ffujisaki/.npmrc Completed in 0ms
12 timing config:load:user Completed in 0ms
13 timing config:load:file:/Users/ffujisaki/.nvm/versions/node/v20.6.0/etc/npmrc Completed in 0ms
14 timing config:load:global Completed in 0ms
15 timing config:load:setEnvs Completed in 0ms
16 timing config:load Completed in 7ms
17 timing npm:load:configload Completed in 7ms
18 timing config:load:flatten Completed in 1ms
19 timing npm:load:mkdirpcache Completed in 0ms
20 timing npm:load:mkdirplogs Completed in 0ms
21 verbose title npm ci
22 verbose argv "ci" "--cache" "/Users/ffujisaki/Dev/vancouver-delay/.npm-cache" "--no-audit" "--no-fund"
23 timing npm:load:setTitle Completed in 1ms
24 timing npm:load:display Completed in 0ms
25 verbose logfile logs-max:10 dir:/Users/ffujisaki/Dev/vancouver-delay/.npm-cache/_logs/2025-10-30T19_49_32_779Z-
26 verbose logfile /Users/ffujisaki/Dev/vancouver-delay/.npm-cache/_logs/2025-10-30T19_49_32_779Z-debug-0.log
27 timing npm:load:logFile Completed in 5ms
28 timing npm:load:timers Completed in 0ms
29 timing npm:load:configScope Completed in 0ms
30 timing npm:load Completed in 23ms
31 timing arborist:ctor Completed in 0ms
32 silly logfile done cleaning log files
33 timing idealTree:init Completed in 87ms
34 timing idealTree:userRequests Completed in 0ms
35 silly idealTree buildDeps
36 timing idealTree:#root Completed in 0ms
37 timing idealTree:node_modules/@tailwindcss/oxide-wasm32-wasi Completed in 0ms
38 timing idealTree:buildDeps Completed in 1ms
39 timing idealTree:fixDepFlags Completed in 0ms
40 warn EBADENGINE Unsupported engine {
40 warn EBADENGINE   package: 'react-docgen@8.0.1',
40 warn EBADENGINE   required: { node: '^20.9.0 || >=22' },
40 warn EBADENGINE   current: { node: 'v20.6.0', npm: '9.8.1' }
40 warn EBADENGINE }
41 warn EBADENGINE Unsupported engine {
41 warn EBADENGINE   package: 'vite@7.1.9',
41 warn EBADENGINE   required: { node: '^20.19.0 || >=22.12.0' },
41 warn EBADENGINE   current: { node: 'v20.6.0', npm: '9.8.1' }
41 warn EBADENGINE }
42 timing idealTree Completed in 95ms
43 timing npm-ci:rm Completed in 0ms
44 timing reify:loadTrees Completed in 3ms
45 timing reify:diffTrees Completed in 5ms
46 silly reify moves {}
47 timing reify:retireShallow Completed in 0ms
48 timing reify:createSparse Completed in 58ms
49 verbose reify failed optional dependency /Users/ffujisaki/Dev/vancouver-delay/node_modules/@tailwindcss/oxide-wasm32-wasi
50 silly reify mark deleted [
50 silly reify   '/Users/ffujisaki/Dev/vancouver-delay/node_modules/@tailwindcss/oxide-wasm32-wasi'
50 silly reify ]
51 timing reifyNode:node_modules/@tailwindcss/oxide-wasm32-wasi Completed in 1ms
52 timing arborist:ctor Completed in 0ms
53 timing reify:diffTrees Completed in 6ms
54 timing reify:loadBundles Completed in 10ms
55 verbose reify failed optional dependency /Users/ffujisaki/Dev/vancouver-delay/node_modules/lightningcss-win32-x64-msvc
56 silly reify mark deleted [
56 silly reify   '/Users/ffujisaki/Dev/vancouver-delay/node_modules/lightningcss-win32-x64-msvc'
56 silly reify ]
57 verbose reify failed optional dependency /Users/ffujisaki/Dev/vancouver-delay/node_modules/lightningcss-win32-arm64-msvc
58 silly reify mark deleted [
58 silly reify   '/Users/ffujisaki/Dev/vancouver-delay/node_modules/lightningcss-win32-arm64-msvc'
58 silly reify ]
59 verbose reify failed optional dependency /Users/ffujisaki/Dev/vancouver-delay/node_modules/lightningcss-linux-x64-musl
60 silly reify mark deleted [
60 silly reify   '/Users/ffujisaki/Dev/vancouver-delay/node_modules/lightningcss-linux-x64-musl'
60 silly reify ]
61 verbose reify failed optional dependency /Users/ffujisaki/Dev/vancouver-delay/node_modules/lightningcss-linux-x64-gnu
62 silly reify mark deleted [
62 silly reify   '/Users/ffujisaki/Dev/vancouver-delay/node_modules/lightningcss-linux-x64-gnu'
62 silly reify ]
63 verbose reify failed optional dependency /Users/ffujisaki/Dev/vancouver-delay/node_modules/lightningcss-linux-arm64-musl
64 silly reify mark deleted [
64 silly reify   '/Users/ffujisaki/Dev/vancouver-delay/node_modules/lightningcss-linux-arm64-musl'
64 silly reify ]
65 verbose reify failed optional dependency /Users/ffujisaki/Dev/vancouver-delay/node_modules/lightningcss-linux-arm64-gnu
66 silly reify mark deleted [
66 silly reify   '/Users/ffujisaki/Dev/vancouver-delay/node_modules/lightningcss-linux-arm64-gnu'
66 silly reify ]
67 verbose reify failed optional dependency /Users/ffujisaki/Dev/vancouver-delay/node_modules/lightningcss-linux-arm-gnueabihf
68 silly reify mark deleted [
68 silly reify   '/Users/ffujisaki/Dev/vancouver-delay/node_modules/lightningcss-linux-arm-gnueabihf'
68 silly reify ]
69 verbose reify failed optional dependency /Users/ffujisaki/Dev/vancouver-delay/node_modules/lightningcss-freebsd-x64
70 silly reify mark deleted [
70 silly reify   '/Users/ffujisaki/Dev/vancouver-delay/node_modules/lightningcss-freebsd-x64'
70 silly reify ]
71 verbose reify failed optional dependency /Users/ffujisaki/Dev/vancouver-delay/node_modules/lightningcss-darwin-x64
72 silly reify mark deleted [
72 silly reify   '/Users/ffujisaki/Dev/vancouver-delay/node_modules/lightningcss-darwin-x64'
72 silly reify ]
73 verbose reify failed optional dependency /Users/ffujisaki/Dev/vancouver-delay/node_modules/@tailwindcss/oxide-win32-x64-msvc
74 silly reify mark deleted [
74 silly reify   '/Users/ffujisaki/Dev/vancouver-delay/node_modules/@tailwindcss/oxide-win32-x64-msvc'
74 silly reify ]
75 verbose reify failed optional dependency /Users/ffujisaki/Dev/vancouver-delay/node_modules/@tailwindcss/oxide-win32-arm64-msvc
76 silly reify mark deleted [
76 silly reify   '/Users/ffujisaki/Dev/vancouver-delay/node_modules/@tailwindcss/oxide-win32-arm64-msvc'
76 silly reify ]
77 verbose reify failed optional dependency /Users/ffujisaki/Dev/vancouver-delay/node_modules/@tailwindcss/oxide-linux-x64-musl
78 silly reify mark deleted [
78 silly reify   '/Users/ffujisaki/Dev/vancouver-delay/node_modules/@tailwindcss/oxide-linux-x64-musl'
78 silly reify ]
79 verbose reify failed optional dependency /Users/ffujisaki/Dev/vancouver-delay/node_modules/@tailwindcss/oxide-linux-x64-gnu
80 silly reify mark deleted [
80 silly reify   '/Users/ffujisaki/Dev/vancouver-delay/node_modules/@tailwindcss/oxide-linux-x64-gnu'
80 silly reify ]
81 verbose reify failed optional dependency /Users/ffujisaki/Dev/vancouver-delay/node_modules/@tailwindcss/oxide-linux-arm64-musl
82 silly reify mark deleted [
82 silly reify   '/Users/ffujisaki/Dev/vancouver-delay/node_modules/@tailwindcss/oxide-linux-arm64-musl'
82 silly reify ]
83 verbose reify failed optional dependency /Users/ffujisaki/Dev/vancouver-delay/node_modules/@tailwindcss/oxide-linux-arm64-gnu
84 silly reify mark deleted [
84 silly reify   '/Users/ffujisaki/Dev/vancouver-delay/node_modules/@tailwindcss/oxide-linux-arm64-gnu'
84 silly reify ]
85 verbose reify failed optional dependency /Users/ffujisaki/Dev/vancouver-delay/node_modules/@tailwindcss/oxide-linux-arm-gnueabihf
86 silly reify mark deleted [
86 silly reify   '/Users/ffujisaki/Dev/vancouver-delay/node_modules/@tailwindcss/oxide-linux-arm-gnueabihf'
86 silly reify ]
87 verbose reify failed optional dependency /Users/ffujisaki/Dev/vancouver-delay/node_modules/@tailwindcss/oxide-freebsd-x64
88 silly reify mark deleted [
88 silly reify   '/Users/ffujisaki/Dev/vancouver-delay/node_modules/@tailwindcss/oxide-freebsd-x64'
88 silly reify ]
89 verbose reify failed optional dependency /Users/ffujisaki/Dev/vancouver-delay/node_modules/@tailwindcss/oxide-darwin-x64
90 silly reify mark deleted [
90 silly reify   '/Users/ffujisaki/Dev/vancouver-delay/node_modules/@tailwindcss/oxide-darwin-x64'
90 silly reify ]
91 verbose reify failed optional dependency /Users/ffujisaki/Dev/vancouver-delay/node_modules/@tailwindcss/oxide-android-arm64
92 silly reify mark deleted [
92 silly reify   '/Users/ffujisaki/Dev/vancouver-delay/node_modules/@tailwindcss/oxide-android-arm64'
92 silly reify ]
93 verbose reify failed optional dependency /Users/ffujisaki/Dev/vancouver-delay/node_modules/@rollup/rollup-win32-x64-msvc
94 silly reify mark deleted [
94 silly reify   '/Users/ffujisaki/Dev/vancouver-delay/node_modules/@rollup/rollup-win32-x64-msvc'
94 silly reify ]
95 verbose reify failed optional dependency /Users/ffujisaki/Dev/vancouver-delay/node_modules/@rollup/rollup-win32-x64-gnu
96 silly reify mark deleted [
96 silly reify   '/Users/ffujisaki/Dev/vancouver-delay/node_modules/@rollup/rollup-win32-x64-gnu'
96 silly reify ]
97 verbose reify failed optional dependency /Users/ffujisaki/Dev/vancouver-delay/node_modules/@rollup/rollup-win32-ia32-msvc
98 silly reify mark deleted [
98 silly reify   '/Users/ffujisaki/Dev/vancouver-delay/node_modules/@rollup/rollup-win32-ia32-msvc'
98 silly reify ]
99 verbose reify failed optional dependency /Users/ffujisaki/Dev/vancouver-delay/node_modules/@rollup/rollup-win32-arm64-msvc
100 silly reify mark deleted [
100 silly reify   '/Users/ffujisaki/Dev/vancouver-delay/node_modules/@rollup/rollup-win32-arm64-msvc'
100 silly reify ]
101 verbose reify failed optional dependency /Users/ffujisaki/Dev/vancouver-delay/node_modules/@rollup/rollup-openharmony-arm64
102 silly reify mark deleted [
102 silly reify   '/Users/ffujisaki/Dev/vancouver-delay/node_modules/@rollup/rollup-openharmony-arm64'
102 silly reify ]
103 verbose reify failed optional dependency /Users/ffujisaki/Dev/vancouver-delay/node_modules/@rollup/rollup-linux-x64-musl
104 silly reify mark deleted [
104 silly reify   '/Users/ffujisaki/Dev/vancouver-delay/node_modules/@rollup/rollup-linux-x64-musl'
104 silly reify ]
105 verbose reify failed optional dependency /Users/ffujisaki/Dev/vancouver-delay/node_modules/@rollup/rollup-linux-x64-gnu
106 silly reify mark deleted [
106 silly reify   '/Users/ffujisaki/Dev/vancouver-delay/node_modules/@rollup/rollup-linux-x64-gnu'
106 silly reify ]
107 verbose reify failed optional dependency /Users/ffujisaki/Dev/vancouver-delay/node_modules/@rollup/rollup-linux-s390x-gnu
108 silly reify mark deleted [
108 silly reify   '/Users/ffujisaki/Dev/vancouver-delay/node_modules/@rollup/rollup-linux-s390x-gnu'
108 silly reify ]
109 verbose reify failed optional dependency /Users/ffujisaki/Dev/vancouver-delay/node_modules/@rollup/rollup-linux-riscv64-musl
110 silly reify mark deleted [
110 silly reify   '/Users/ffujisaki/Dev/vancouver-delay/node_modules/@rollup/rollup-linux-riscv64-musl'
110 silly reify ]
111 verbose reify failed optional dependency /Users/ffujisaki/Dev/vancouver-delay/node_modules/@rollup/rollup-linux-riscv64-gnu
112 silly reify mark deleted [
112 silly reify   '/Users/ffujisaki/Dev/vancouver-delay/node_modules/@rollup/rollup-linux-riscv64-gnu'
112 silly reify ]
113 verbose reify failed optional dependency /Users/ffujisaki/Dev/vancouver-delay/node_modules/@rollup/rollup-linux-ppc64-gnu
114 silly reify mark deleted [
114 silly reify   '/Users/ffujisaki/Dev/vancouver-delay/node_modules/@rollup/rollup-linux-ppc64-gnu'
114 silly reify ]
115 verbose reify failed optional dependency /Users/ffujisaki/Dev/vancouver-delay/node_modules/@rollup/rollup-linux-loong64-gnu
116 silly reify mark deleted [
116 silly reify   '/Users/ffujisaki/Dev/vancouver-delay/node_modules/@rollup/rollup-linux-loong64-gnu'
116 silly reify ]
117 verbose reify failed optional dependency /Users/ffujisaki/Dev/vancouver-delay/node_modules/@rollup/rollup-linux-arm64-musl
118 silly reify mark deleted [
118 silly reify   '/Users/ffujisaki/Dev/vancouver-delay/node_modules/@rollup/rollup-linux-arm64-musl'
118 silly reify ]
119 verbose reify failed optional dependency /Users/ffujisaki/Dev/vancouver-delay/node_modules/@rollup/rollup-linux-arm64-gnu
120 silly reify mark deleted [
120 silly reify   '/Users/ffujisaki/Dev/vancouver-delay/node_modules/@rollup/rollup-linux-arm64-gnu'
120 silly reify ]
121 verbose reify failed optional dependency /Users/ffujisaki/Dev/vancouver-delay/node_modules/@rollup/rollup-linux-arm-musleabihf
122 silly reify mark deleted [
122 silly reify   '/Users/ffujisaki/Dev/vancouver-delay/node_modules/@rollup/rollup-linux-arm-musleabihf'
122 silly reify ]
123 verbose reify failed optional dependency /Users/ffujisaki/Dev/vancouver-delay/node_modules/@rollup/rollup-linux-arm-gnueabihf
124 silly reify mark deleted [
124 silly reify   '/Users/ffujisaki/Dev/vancouver-delay/node_modules/@rollup/rollup-linux-arm-gnueabihf'
124 silly reify ]
125 verbose reify failed optional dependency /Users/ffujisaki/Dev/vancouver-delay/node_modules/@rollup/rollup-freebsd-x64
126 silly reify mark deleted [
126 silly reify   '/Users/ffujisaki/Dev/vancouver-delay/node_modules/@rollup/rollup-freebsd-x64'
126 silly reify ]
127 verbose reify failed optional dependency /Users/ffujisaki/Dev/vancouver-delay/node_modules/@rollup/rollup-freebsd-arm64
128 silly reify mark deleted [
128 silly reify   '/Users/ffujisaki/Dev/vancouver-delay/node_modules/@rollup/rollup-freebsd-arm64'
128 silly reify ]
129 verbose reify failed optional dependency /Users/ffujisaki/Dev/vancouver-delay/node_modules/@rollup/rollup-darwin-x64
130 silly reify mark deleted [
130 silly reify   '/Users/ffujisaki/Dev/vancouver-delay/node_modules/@rollup/rollup-darwin-x64'
130 silly reify ]
131 verbose reify failed optional dependency /Users/ffujisaki/Dev/vancouver-delay/node_modules/@rollup/rollup-android-arm64
132 silly reify mark deleted [
132 silly reify   '/Users/ffujisaki/Dev/vancouver-delay/node_modules/@rollup/rollup-android-arm64'
132 silly reify ]
133 verbose reify failed optional dependency /Users/ffujisaki/Dev/vancouver-delay/node_modules/@rollup/rollup-android-arm-eabi
134 silly reify mark deleted [
134 silly reify   '/Users/ffujisaki/Dev/vancouver-delay/node_modules/@rollup/rollup-android-arm-eabi'
134 silly reify ]
135 verbose reify failed optional dependency /Users/ffujisaki/Dev/vancouver-delay/node_modules/@next/swc-win32-x64-msvc
136 silly reify mark deleted [
136 silly reify   '/Users/ffujisaki/Dev/vancouver-delay/node_modules/@next/swc-win32-x64-msvc'
136 silly reify ]
137 verbose reify failed optional dependency /Users/ffujisaki/Dev/vancouver-delay/node_modules/@next/swc-win32-arm64-msvc
138 silly reify mark deleted [
138 silly reify   '/Users/ffujisaki/Dev/vancouver-delay/node_modules/@next/swc-win32-arm64-msvc'
138 silly reify ]
139 verbose reify failed optional dependency /Users/ffujisaki/Dev/vancouver-delay/node_modules/@next/swc-linux-x64-musl
140 silly reify mark deleted [
140 silly reify   '/Users/ffujisaki/Dev/vancouver-delay/node_modules/@next/swc-linux-x64-musl'
140 silly reify ]
141 verbose reify failed optional dependency /Users/ffujisaki/Dev/vancouver-delay/node_modules/@next/swc-linux-x64-gnu
142 silly reify mark deleted [
142 silly reify   '/Users/ffujisaki/Dev/vancouver-delay/node_modules/@next/swc-linux-x64-gnu'
142 silly reify ]
143 verbose reify failed optional dependency /Users/ffujisaki/Dev/vancouver-delay/node_modules/@next/swc-linux-arm64-musl
144 silly reify mark deleted [
144 silly reify   '/Users/ffujisaki/Dev/vancouver-delay/node_modules/@next/swc-linux-arm64-musl'
144 silly reify ]
145 verbose reify failed optional dependency /Users/ffujisaki/Dev/vancouver-delay/node_modules/@next/swc-linux-arm64-gnu
146 silly reify mark deleted [
146 silly reify   '/Users/ffujisaki/Dev/vancouver-delay/node_modules/@next/swc-linux-arm64-gnu'
146 silly reify ]
147 verbose reify failed optional dependency /Users/ffujisaki/Dev/vancouver-delay/node_modules/@next/swc-darwin-x64
148 silly reify mark deleted [
148 silly reify   '/Users/ffujisaki/Dev/vancouver-delay/node_modules/@next/swc-darwin-x64'
148 silly reify ]
149 verbose reify failed optional dependency /Users/ffujisaki/Dev/vancouver-delay/node_modules/@img/sharp-win32-x64
150 silly reify mark deleted [
150 silly reify   '/Users/ffujisaki/Dev/vancouver-delay/node_modules/@img/sharp-win32-x64'
150 silly reify ]
151 verbose reify failed optional dependency /Users/ffujisaki/Dev/vancouver-delay/node_modules/@img/sharp-win32-ia32
152 silly reify mark deleted [
152 silly reify   '/Users/ffujisaki/Dev/vancouver-delay/node_modules/@img/sharp-win32-ia32'
152 silly reify ]
153 verbose reify failed optional dependency /Users/ffujisaki/Dev/vancouver-delay/node_modules/@img/sharp-win32-arm64
154 silly reify mark deleted [
154 silly reify   '/Users/ffujisaki/Dev/vancouver-delay/node_modules/@img/sharp-win32-arm64'
154 silly reify ]
155 verbose reify failed optional dependency /Users/ffujisaki/Dev/vancouver-delay/node_modules/@img/sharp-wasm32
156 silly reify mark deleted [
156 silly reify   '/Users/ffujisaki/Dev/vancouver-delay/node_modules/@img/sharp-wasm32'
156 silly reify ]
157 verbose reify failed optional dependency /Users/ffujisaki/Dev/vancouver-delay/node_modules/@img/sharp-linuxmusl-x64
158 silly reify mark deleted [
158 silly reify   '/Users/ffujisaki/Dev/vancouver-delay/node_modules/@img/sharp-linuxmusl-x64'
158 silly reify ]
159 verbose reify failed optional dependency /Users/ffujisaki/Dev/vancouver-delay/node_modules/@img/sharp-linuxmusl-arm64
160 silly reify mark deleted [
160 silly reify   '/Users/ffujisaki/Dev/vancouver-delay/node_modules/@img/sharp-linuxmusl-arm64'
160 silly reify ]
161 verbose reify failed optional dependency /Users/ffujisaki/Dev/vancouver-delay/node_modules/@img/sharp-linux-x64
162 silly reify mark deleted [
162 silly reify   '/Users/ffujisaki/Dev/vancouver-delay/node_modules/@img/sharp-linux-x64'
162 silly reify ]
163 verbose reify failed optional dependency /Users/ffujisaki/Dev/vancouver-delay/node_modules/@img/sharp-linux-s390x
164 silly reify mark deleted [
164 silly reify   '/Users/ffujisaki/Dev/vancouver-delay/node_modules/@img/sharp-linux-s390x'
164 silly reify ]
165 verbose reify failed optional dependency /Users/ffujisaki/Dev/vancouver-delay/node_modules/@img/sharp-linux-ppc64
166 silly reify mark deleted [
166 silly reify   '/Users/ffujisaki/Dev/vancouver-delay/node_modules/@img/sharp-linux-ppc64'
166 silly reify ]
167 verbose reify failed optional dependency /Users/ffujisaki/Dev/vancouver-delay/node_modules/@img/sharp-linux-arm64
168 silly reify mark deleted [
168 silly reify   '/Users/ffujisaki/Dev/vancouver-delay/node_modules/@img/sharp-linux-arm64'
168 silly reify ]
169 verbose reify failed optional dependency /Users/ffujisaki/Dev/vancouver-delay/node_modules/@img/sharp-linux-arm
170 silly reify mark deleted [
170 silly reify   '/Users/ffujisaki/Dev/vancouver-delay/node_modules/@img/sharp-linux-arm'
170 silly reify ]
171 verbose reify failed optional dependency /Users/ffujisaki/Dev/vancouver-delay/node_modules/@img/sharp-libvips-linuxmusl-x64
172 silly reify mark deleted [
172 silly reify   '/Users/ffujisaki/Dev/vancouver-delay/node_modules/@img/sharp-libvips-linuxmusl-x64'
172 silly reify ]
173 verbose reify failed optional dependency /Users/ffujisaki/Dev/vancouver-delay/node_modules/@img/sharp-libvips-linuxmusl-arm64
174 silly reify mark deleted [
174 silly reify   '/Users/ffujisaki/Dev/vancouver-delay/node_modules/@img/sharp-libvips-linuxmusl-arm64'
174 silly reify ]
175 verbose reify failed optional dependency /Users/ffujisaki/Dev/vancouver-delay/node_modules/@img/sharp-libvips-linux-x64
176 silly reify mark deleted [
176 silly reify   '/Users/ffujisaki/Dev/vancouver-delay/node_modules/@img/sharp-libvips-linux-x64'
176 silly reify ]
177 verbose reify failed optional dependency /Users/ffujisaki/Dev/vancouver-delay/node_modules/@img/sharp-libvips-linux-s390x
178 silly reify mark deleted [
178 silly reify   '/Users/ffujisaki/Dev/vancouver-delay/node_modules/@img/sharp-libvips-linux-s390x'
178 silly reify ]
179 verbose reify failed optional dependency /Users/ffujisaki/Dev/vancouver-delay/node_modules/@img/sharp-libvips-linux-ppc64
180 silly reify mark deleted [
180 silly reify   '/Users/ffujisaki/Dev/vancouver-delay/node_modules/@img/sharp-libvips-linux-ppc64'
180 silly reify ]
181 verbose reify failed optional dependency /Users/ffujisaki/Dev/vancouver-delay/node_modules/@img/sharp-libvips-linux-arm64
182 silly reify mark deleted [
182 silly reify   '/Users/ffujisaki/Dev/vancouver-delay/node_modules/@img/sharp-libvips-linux-arm64'
182 silly reify ]
183 verbose reify failed optional dependency /Users/ffujisaki/Dev/vancouver-delay/node_modules/@img/sharp-libvips-linux-arm
184 silly reify mark deleted [
184 silly reify   '/Users/ffujisaki/Dev/vancouver-delay/node_modules/@img/sharp-libvips-linux-arm'
184 silly reify ]
185 verbose reify failed optional dependency /Users/ffujisaki/Dev/vancouver-delay/node_modules/@img/sharp-libvips-darwin-x64
186 silly reify mark deleted [
186 silly reify   '/Users/ffujisaki/Dev/vancouver-delay/node_modules/@img/sharp-libvips-darwin-x64'
186 silly reify ]
187 verbose reify failed optional dependency /Users/ffujisaki/Dev/vancouver-delay/node_modules/@img/sharp-darwin-x64
188 silly reify mark deleted [
188 silly reify   '/Users/ffujisaki/Dev/vancouver-delay/node_modules/@img/sharp-darwin-x64'
188 silly reify ]
189 verbose reify failed optional dependency /Users/ffujisaki/Dev/vancouver-delay/node_modules/@esbuild/win32-x64
190 silly reify mark deleted [
190 silly reify   '/Users/ffujisaki/Dev/vancouver-delay/node_modules/@esbuild/win32-x64'
190 silly reify ]
191 verbose reify failed optional dependency /Users/ffujisaki/Dev/vancouver-delay/node_modules/@esbuild/win32-ia32
192 silly reify mark deleted [
192 silly reify   '/Users/ffujisaki/Dev/vancouver-delay/node_modules/@esbuild/win32-ia32'
192 silly reify ]
193 verbose reify failed optional dependency /Users/ffujisaki/Dev/vancouver-delay/node_modules/@esbuild/win32-arm64
194 silly reify mark deleted [
194 silly reify   '/Users/ffujisaki/Dev/vancouver-delay/node_modules/@esbuild/win32-arm64'
194 silly reify ]
195 verbose reify failed optional dependency /Users/ffujisaki/Dev/vancouver-delay/node_modules/@esbuild/sunos-x64
196 silly reify mark deleted [
196 silly reify   '/Users/ffujisaki/Dev/vancouver-delay/node_modules/@esbuild/sunos-x64'
196 silly reify ]
197 verbose reify failed optional dependency /Users/ffujisaki/Dev/vancouver-delay/node_modules/@esbuild/openharmony-arm64
198 silly reify mark deleted [
198 silly reify   '/Users/ffujisaki/Dev/vancouver-delay/node_modules/@esbuild/openharmony-arm64'
198 silly reify ]
199 verbose reify failed optional dependency /Users/ffujisaki/Dev/vancouver-delay/node_modules/@esbuild/openbsd-x64
200 silly reify mark deleted [
200 silly reify   '/Users/ffujisaki/Dev/vancouver-delay/node_modules/@esbuild/openbsd-x64'
200 silly reify ]
201 verbose reify failed optional dependency /Users/ffujisaki/Dev/vancouver-delay/node_modules/@esbuild/openbsd-arm64
202 silly reify mark deleted [
202 silly reify   '/Users/ffujisaki/Dev/vancouver-delay/node_modules/@esbuild/openbsd-arm64'
202 silly reify ]
203 verbose reify failed optional dependency /Users/ffujisaki/Dev/vancouver-delay/node_modules/@esbuild/netbsd-x64
204 silly reify mark deleted [
204 silly reify   '/Users/ffujisaki/Dev/vancouver-delay/node_modules/@esbuild/netbsd-x64'
204 silly reify ]
205 verbose reify failed optional dependency /Users/ffujisaki/Dev/vancouver-delay/node_modules/@esbuild/netbsd-arm64
206 silly reify mark deleted [
206 silly reify   '/Users/ffujisaki/Dev/vancouver-delay/node_modules/@esbuild/netbsd-arm64'
206 silly reify ]
207 verbose reify failed optional dependency /Users/ffujisaki/Dev/vancouver-delay/node_modules/@esbuild/linux-x64
208 silly reify mark deleted [
208 silly reify   '/Users/ffujisaki/Dev/vancouver-delay/node_modules/@esbuild/linux-x64'
208 silly reify ]
209 verbose reify failed optional dependency /Users/ffujisaki/Dev/vancouver-delay/node_modules/@esbuild/linux-s390x
210 silly reify mark deleted [
210 silly reify   '/Users/ffujisaki/Dev/vancouver-delay/node_modules/@esbuild/linux-s390x'
210 silly reify ]
211 verbose reify failed optional dependency /Users/ffujisaki/Dev/vancouver-delay/node_modules/@esbuild/linux-riscv64
212 silly reify mark deleted [
212 silly reify   '/Users/ffujisaki/Dev/vancouver-delay/node_modules/@esbuild/linux-riscv64'
212 silly reify ]
213 verbose reify failed optional dependency /Users/ffujisaki/Dev/vancouver-delay/node_modules/@esbuild/linux-ppc64
214 silly reify mark deleted [
214 silly reify   '/Users/ffujisaki/Dev/vancouver-delay/node_modules/@esbuild/linux-ppc64'
214 silly reify ]
215 verbose reify failed optional dependency /Users/ffujisaki/Dev/vancouver-delay/node_modules/@esbuild/linux-mips64el
216 silly reify mark deleted [
216 silly reify   '/Users/ffujisaki/Dev/vancouver-delay/node_modules/@esbuild/linux-mips64el'
216 silly reify ]
217 verbose reify failed optional dependency /Users/ffujisaki/Dev/vancouver-delay/node_modules/@esbuild/linux-loong64
218 silly reify mark deleted [
218 silly reify   '/Users/ffujisaki/Dev/vancouver-delay/node_modules/@esbuild/linux-loong64'
218 silly reify ]
219 verbose reify failed optional dependency /Users/ffujisaki/Dev/vancouver-delay/node_modules/@esbuild/linux-ia32
220 silly reify mark deleted [
220 silly reify   '/Users/ffujisaki/Dev/vancouver-delay/node_modules/@esbuild/linux-ia32'
220 silly reify ]
221 verbose reify failed optional dependency /Users/ffujisaki/Dev/vancouver-delay/node_modules/@esbuild/linux-arm64
222 silly reify mark deleted [
222 silly reify   '/Users/ffujisaki/Dev/vancouver-delay/node_modules/@esbuild/linux-arm64'
222 silly reify ]
223 verbose reify failed optional dependency /Users/ffujisaki/Dev/vancouver-delay/node_modules/@esbuild/linux-arm
224 silly reify mark deleted [
224 silly reify   '/Users/ffujisaki/Dev/vancouver-delay/node_modules/@esbuild/linux-arm'
224 silly reify ]
225 verbose reify failed optional dependency /Users/ffujisaki/Dev/vancouver-delay/node_modules/@esbuild/freebsd-x64
226 silly reify mark deleted [
226 silly reify   '/Users/ffujisaki/Dev/vancouver-delay/node_modules/@esbuild/freebsd-x64'
226 silly reify ]
227 verbose reify failed optional dependency /Users/ffujisaki/Dev/vancouver-delay/node_modules/@esbuild/freebsd-arm64
228 silly reify mark deleted [
228 silly reify   '/Users/ffujisaki/Dev/vancouver-delay/node_modules/@esbuild/freebsd-arm64'
228 silly reify ]
229 verbose reify failed optional dependency /Users/ffujisaki/Dev/vancouver-delay/node_modules/@esbuild/darwin-x64
230 silly reify mark deleted [
230 silly reify   '/Users/ffujisaki/Dev/vancouver-delay/node_modules/@esbuild/darwin-x64'
230 silly reify ]
231 verbose reify failed optional dependency /Users/ffujisaki/Dev/vancouver-delay/node_modules/@esbuild/android-x64
232 silly reify mark deleted [
232 silly reify   '/Users/ffujisaki/Dev/vancouver-delay/node_modules/@esbuild/android-x64'
232 silly reify ]
233 verbose reify failed optional dependency /Users/ffujisaki/Dev/vancouver-delay/node_modules/@esbuild/android-arm64
234 silly reify mark deleted [
234 silly reify   '/Users/ffujisaki/Dev/vancouver-delay/node_modules/@esbuild/android-arm64'
234 silly reify ]
235 verbose reify failed optional dependency /Users/ffujisaki/Dev/vancouver-delay/node_modules/@esbuild/android-arm
236 silly reify mark deleted [
236 silly reify   '/Users/ffujisaki/Dev/vancouver-delay/node_modules/@esbuild/android-arm'
236 silly reify ]
237 verbose reify failed optional dependency /Users/ffujisaki/Dev/vancouver-delay/node_modules/@esbuild/aix-ppc64
238 silly reify mark deleted [
238 silly reify   '/Users/ffujisaki/Dev/vancouver-delay/node_modules/@esbuild/aix-ppc64'
238 silly reify ]
239 timing reifyNode:node_modules/lightningcss-win32-x64-msvc Completed in 51ms
240 timing reifyNode:node_modules/lightningcss-win32-arm64-msvc Completed in 51ms
241 timing reifyNode:node_modules/lightningcss-linux-x64-musl Completed in 52ms
242 timing reifyNode:node_modules/lightningcss-linux-x64-gnu Completed in 52ms
243 timing reifyNode:node_modules/lightningcss-linux-arm64-musl Completed in 52ms
244 timing reifyNode:node_modules/lightningcss-linux-arm64-gnu Completed in 52ms
245 timing reifyNode:node_modules/lightningcss-linux-arm-gnueabihf Completed in 52ms
246 timing reifyNode:node_modules/lightningcss-freebsd-x64 Completed in 52ms
247 timing reifyNode:node_modules/lightningcss-darwin-x64 Completed in 52ms
248 timing reifyNode:node_modules/@tailwindcss/oxide-win32-x64-msvc Completed in 49ms
249 timing reifyNode:node_modules/@tailwindcss/oxide-win32-arm64-msvc Completed in 49ms
250 timing reifyNode:node_modules/@tailwindcss/oxide-linux-x64-musl Completed in 49ms
251 timing reifyNode:node_modules/@tailwindcss/oxide-linux-x64-gnu Completed in 49ms
252 timing reifyNode:node_modules/@tailwindcss/oxide-linux-arm64-musl Completed in 49ms
253 timing reifyNode:node_modules/@tailwindcss/oxide-linux-arm64-gnu Completed in 49ms
254 timing reifyNode:node_modules/@tailwindcss/oxide-linux-arm-gnueabihf Completed in 50ms
255 timing reifyNode:node_modules/@tailwindcss/oxide-freebsd-x64 Completed in 50ms
256 timing reifyNode:node_modules/@tailwindcss/oxide-darwin-x64 Completed in 50ms
257 timing reifyNode:node_modules/@tailwindcss/oxide-android-arm64 Completed in 50ms
258 timing reifyNode:node_modules/@rollup/rollup-win32-x64-msvc Completed in 49ms
259 timing reifyNode:node_modules/@rollup/rollup-win32-x64-gnu Completed in 49ms
260 timing reifyNode:node_modules/@rollup/rollup-win32-ia32-msvc Completed in 49ms
261 timing reifyNode:node_modules/@rollup/rollup-win32-arm64-msvc Completed in 49ms
262 timing reifyNode:node_modules/@rollup/rollup-openharmony-arm64 Completed in 49ms
263 timing reifyNode:node_modules/@rollup/rollup-linux-x64-musl Completed in 49ms
264 timing reifyNode:node_modules/@rollup/rollup-linux-x64-gnu Completed in 49ms
265 timing reifyNode:node_modules/@rollup/rollup-linux-s390x-gnu Completed in 49ms
266 timing reifyNode:node_modules/@rollup/rollup-linux-riscv64-musl Completed in 49ms
267 timing reifyNode:node_modules/@rollup/rollup-linux-riscv64-gnu Completed in 49ms
268 timing reifyNode:node_modules/@rollup/rollup-linux-ppc64-gnu Completed in 49ms
269 timing reifyNode:node_modules/@rollup/rollup-linux-loong64-gnu Completed in 50ms
270 timing reifyNode:node_modules/@rollup/rollup-linux-arm64-musl Completed in 50ms
271 timing reifyNode:node_modules/@rollup/rollup-linux-arm64-gnu Completed in 50ms
272 timing reifyNode:node_modules/@rollup/rollup-linux-arm-musleabihf Completed in 50ms
273 timing reifyNode:node_modules/@rollup/rollup-linux-arm-gnueabihf Completed in 50ms
274 timing reifyNode:node_modules/@rollup/rollup-freebsd-x64 Completed in 50ms
275 timing reifyNode:node_modules/@rollup/rollup-freebsd-arm64 Completed in 50ms
276 timing reifyNode:node_modules/@rollup/rollup-darwin-x64 Completed in 50ms
277 timing reifyNode:node_modules/@rollup/rollup-android-arm64 Completed in 50ms
278 timing reifyNode:node_modules/@rollup/rollup-android-arm-eabi Completed in 50ms
279 timing reifyNode:node_modules/@next/swc-win32-x64-msvc Completed in 50ms
280 timing reifyNode:node_modules/@next/swc-win32-arm64-msvc Completed in 50ms
281 timing reifyNode:node_modules/@next/swc-linux-x64-musl Completed in 51ms
282 timing reifyNode:node_modules/@next/swc-linux-x64-gnu Completed in 51ms
283 timing reifyNode:node_modules/@next/swc-linux-arm64-musl Completed in 51ms
284 timing reifyNode:node_modules/@next/swc-linux-arm64-gnu Completed in 51ms
285 timing reifyNode:node_modules/@next/swc-darwin-x64 Completed in 51ms
286 timing reifyNode:node_modules/@img/sharp-win32-x64 Completed in 50ms
287 timing reifyNode:node_modules/@img/sharp-win32-ia32 Completed in 50ms
288 timing reifyNode:node_modules/@img/sharp-win32-arm64 Completed in 50ms
289 timing reifyNode:node_modules/@img/sharp-wasm32 Completed in 50ms
290 timing reifyNode:node_modules/@img/sharp-linuxmusl-x64 Completed in 50ms
291 timing reifyNode:node_modules/@img/sharp-linuxmusl-arm64 Completed in 50ms
292 timing reifyNode:node_modules/@img/sharp-linux-x64 Completed in 50ms
293 timing reifyNode:node_modules/@img/sharp-linux-s390x Completed in 50ms
294 timing reifyNode:node_modules/@img/sharp-linux-ppc64 Completed in 50ms
295 timing reifyNode:node_modules/@img/sharp-linux-arm64 Completed in 50ms
296 timing reifyNode:node_modules/@img/sharp-linux-arm Completed in 50ms
297 timing reifyNode:node_modules/@img/sharp-libvips-linuxmusl-x64 Completed in 50ms
298 timing reifyNode:node_modules/@img/sharp-libvips-linuxmusl-arm64 Completed in 50ms
299 timing reifyNode:node_modules/@img/sharp-libvips-linux-x64 Completed in 51ms
300 timing reifyNode:node_modules/@img/sharp-libvips-linux-s390x Completed in 51ms
301 timing reifyNode:node_modules/@img/sharp-libvips-linux-ppc64 Completed in 51ms
302 timing reifyNode:node_modules/@img/sharp-libvips-linux-arm64 Completed in 51ms
303 timing reifyNode:node_modules/@img/sharp-libvips-linux-arm Completed in 51ms
304 timing reifyNode:node_modules/@img/sharp-libvips-darwin-x64 Completed in 51ms
305 timing reifyNode:node_modules/@img/sharp-darwin-x64 Completed in 51ms
306 timing reifyNode:node_modules/@esbuild/win32-x64 Completed in 51ms
307 timing reifyNode:node_modules/@esbuild/win32-ia32 Completed in 51ms
308 timing reifyNode:node_modules/@esbuild/win32-arm64 Completed in 51ms
309 timing reifyNode:node_modules/@esbuild/sunos-x64 Completed in 51ms
310 timing reifyNode:node_modules/@esbuild/openharmony-arm64 Completed in 51ms
311 timing reifyNode:node_modules/@esbuild/openbsd-x64 Completed in 51ms
312 timing reifyNode:node_modules/@esbuild/openbsd-arm64 Completed in 51ms
313 timing reifyNode:node_modules/@esbuild/netbsd-x64 Completed in 51ms
314 timing reifyNode:node_modules/@esbuild/netbsd-arm64 Completed in 51ms
315 timing reifyNode:node_modules/@esbuild/linux-x64 Completed in 51ms
316 timing reifyNode:node_modules/@esbuild/linux-s390x Completed in 51ms
317 timing reifyNode:node_modules/@esbuild/linux-riscv64 Completed in 51ms
318 timing reifyNode:node_modules/@esbuild/linux-ppc64 Completed in 51ms
319 timing reifyNode:node_modules/@esbuild/linux-mips64el Completed in 51ms
320 timing reifyNode:node_modules/@esbuild/linux-loong64 Completed in 51ms
321 timing reifyNode:node_modules/@esbuild/linux-ia32 Completed in 52ms
322 timing reifyNode:node_modules/@esbuild/linux-arm64 Completed in 52ms
323 timing reifyNode:node_modules/@esbuild/linux-arm Completed in 52ms
324 timing reifyNode:node_modules/@esbuild/freebsd-x64 Completed in 52ms
325 timing reifyNode:node_modules/@esbuild/freebsd-arm64 Completed in 52ms
326 timing reifyNode:node_modules/@esbuild/darwin-x64 Completed in 52ms
327 timing reifyNode:node_modules/@esbuild/android-x64 Completed in 52ms
328 timing reifyNode:node_modules/@esbuild/android-arm64 Completed in 52ms
329 timing reifyNode:node_modules/@esbuild/android-arm Completed in 52ms
330 timing reifyNode:node_modules/@esbuild/aix-ppc64 Completed in 52ms
331 silly tarball no local data for yocto-queue@https://registry.npmjs.org/yocto-queue/-/yocto-queue-1.2.1.tgz. Extracting by manifest.
332 silly tarball no local data for yallist@https://registry.npmjs.org/yallist/-/yallist-5.0.0.tgz. Extracting by manifest.
333 silly tarball no local data for yaml@https://registry.npmjs.org/yaml/-/yaml-2.8.1.tgz. Extracting by manifest.
334 silly tarball no local data for wrap-ansi-cjs@https://registry.npmjs.org/wrap-ansi/-/wrap-ansi-7.0.0.tgz. Extracting by manifest.
335 silly tarball no local data for wrappy@https://registry.npmjs.org/wrappy/-/wrappy-1.0.2.tgz. Extracting by manifest.
336 silly tarball no local data for xtend@https://registry.npmjs.org/xtend/-/xtend-4.0.2.tgz. Extracting by manifest.
337 silly tarball no local data for which-typed-array@https://registry.npmjs.org/which-typed-array/-/which-typed-array-1.1.19.tgz. Extracting by manifest.
338 silly tarball no local data for ws@https://registry.npmjs.org/ws/-/ws-8.18.3.tgz. Extracting by manifest.
339 silly tarball no local data for wrap-ansi@https://registry.npmjs.org/wrap-ansi/-/wrap-ansi-8.1.0.tgz. Extracting by manifest.
340 silly tarball no local data for which@https://registry.npmjs.org/which/-/which-2.0.2.tgz. Extracting by manifest.
341 silly tarball no local data for webpack-virtual-modules@https://registry.npmjs.org/webpack-virtual-modules/-/webpack-virtual-modules-0.6.2.tgz. Extracting by manifest.
342 silly tarball no local data for why-is-node-running@https://registry.npmjs.org/why-is-node-running/-/why-is-node-running-2.3.0.tgz. Extracting by manifest.
343 silly tarball no local data for webpack-sources@https://registry.npmjs.org/webpack-sources/-/webpack-sources-3.3.3.tgz. Extracting by manifest.
344 silly tarball no local data for webpack-dev-middleware@https://registry.npmjs.org/webpack-dev-middleware/-/webpack-dev-middleware-6.1.3.tgz. Extracting by manifest.
345 silly tarball no local data for webpack-hot-middleware@https://registry.npmjs.org/webpack-hot-middleware/-/webpack-hot-middleware-2.26.1.tgz. Extracting by manifest.
346 silly tarball no local data for webpack@https://registry.npmjs.org/webpack/-/webpack-5.102.1.tgz. Extracting by manifest.
347 silly tarball no local data for watchpack@https://registry.npmjs.org/watchpack/-/watchpack-2.4.4.tgz. Extracting by manifest.
348 silly tarball no local data for vitest@https://registry.npmjs.org/vitest/-/vitest-3.2.4.tgz. Extracting by manifest.
349 silly tarball no local data for vm-browserify@https://registry.npmjs.org/vm-browserify/-/vm-browserify-1.1.2.tgz. Extracting by manifest.
350 silly tarball no local data for vite-tsconfig-paths@https://registry.npmjs.org/vite-tsconfig-paths/-/vite-tsconfig-paths-5.1.4.tgz. Extracting by manifest.
351 silly tarball no local data for vite-plugin-storybook-nextjs@https://registry.npmjs.org/vite-plugin-storybook-nextjs/-/vite-plugin-storybook-nextjs-2.0.8.tgz. Extracting by manifest.
352 silly tarball no local data for vite-node@https://registry.npmjs.org/vite-node/-/vite-node-3.2.4.tgz. Extracting by manifest.
353 silly tarball no local data for utila@https://registry.npmjs.org/utila/-/utila-0.4.0.tgz. Extracting by manifest.
354 silly tarball no local data for util-deprecate@https://registry.npmjs.org/util-deprecate/-/util-deprecate-1.0.2.tgz. Extracting by manifest.
355 silly tarball no local data for vite@https://registry.npmjs.org/vite/-/vite-7.1.9.tgz. Extracting by manifest.
356 silly tarball no local data for unplugin@https://registry.npmjs.org/unplugin/-/unplugin-1.16.1.tgz. Extracting by manifest.
357 silly tarball no local data for uri-js@https://registry.npmjs.org/uri-js/-/uri-js-4.4.1.tgz. Extracting by manifest.
358 silly tarball no local data for update-browserslist-db@https://registry.npmjs.org/update-browserslist-db/-/update-browserslist-db-1.1.3.tgz. Extracting by manifest.
359 silly tarball no local data for url@https://registry.npmjs.org/url/-/url-0.11.4.tgz. Extracting by manifest.
360 silly tarball no local data for unicode-property-aliases-ecmascript@https://registry.npmjs.org/unicode-property-aliases-ecmascript/-/unicode-property-aliases-ecmascript-2.2.0.tgz. Extracting by manifest.
361 silly tarball no local data for universalify@https://registry.npmjs.org/universalify/-/universalify-2.0.1.tgz. Extracting by manifest.
362 silly tarball no local data for unicode-match-property-value-ecmascript@https://registry.npmjs.org/unicode-match-property-value-ecmascript/-/unicode-match-property-value-ecmascript-2.2.1.tgz. Extracting by manifest.
363 silly tarball no local data for undici-types@https://registry.npmjs.org/undici-types/-/undici-types-6.21.0.tgz. Extracting by manifest.
364 silly tarball no local data for unicode-match-property-ecmascript@https://registry.npmjs.org/unicode-match-property-ecmascript/-/unicode-match-property-ecmascript-2.0.0.tgz. Extracting by manifest.
365 silly tarball no local data for util@https://registry.npmjs.org/util/-/util-0.12.5.tgz. Extracting by manifest.
366 silly tarball no local data for typescript@https://registry.npmjs.org/typescript/-/typescript-5.9.2.tgz. Extracting by manifest.
367 silly tarball no local data for type-fest@https://registry.npmjs.org/type-fest/-/type-fest-2.19.0.tgz. Extracting by manifest.
368 silly tarball no local data for unicode-canonical-property-names-ecmascript@https://registry.npmjs.org/unicode-canonical-property-names-ecmascript/-/unicode-canonical-property-names-ecmascript-2.0.1.tgz. Extracting by manifest.
369 silly tarball no local data for tslib@https://registry.npmjs.org/tslib/-/tslib-2.8.1.tgz. Extracting by manifest.
370 silly tarball no local data for unicorn-magic@https://registry.npmjs.org/unicorn-magic/-/unicorn-magic-0.1.0.tgz. Extracting by manifest.
371 silly tarball no local data for typed-array-buffer@https://registry.npmjs.org/typed-array-buffer/-/typed-array-buffer-1.0.3.tgz. Extracting by manifest.
372 silly tarball no local data for tsconfck@https://registry.npmjs.org/tsconfck/-/tsconfck-3.1.6.tgz. Extracting by manifest.
373 silly tarball no local data for tty-browserify@https://registry.npmjs.org/tty-browserify/-/tty-browserify-0.0.1.tgz. Extracting by manifest.
374 silly tarball no local data for totalist@https://registry.npmjs.org/totalist/-/totalist-3.0.1.tgz. Extracting by manifest.
375 silly tarball no local data for tinyspy@https://registry.npmjs.org/tinyspy/-/tinyspy-4.0.4.tgz. Extracting by manifest.
376 silly tarball no local data for to-buffer@https://registry.npmjs.org/to-buffer/-/to-buffer-1.2.2.tgz. Extracting by manifest.
377 silly tarball no local data for tsconfig-paths@https://registry.npmjs.org/tsconfig-paths/-/tsconfig-paths-4.2.0.tgz. Extracting by manifest.
378 silly tarball no local data for ts-dedent@https://registry.npmjs.org/ts-dedent/-/ts-dedent-2.2.0.tgz. Extracting by manifest.
379 silly tarball no local data for tinyrainbow@https://registry.npmjs.org/tinyrainbow/-/tinyrainbow-2.0.0.tgz. Extracting by manifest.
380 silly tarball no local data for to-regex-range@https://registry.npmjs.org/to-regex-range/-/to-regex-range-5.0.1.tgz. Extracting by manifest.
381 silly tarball no local data for tinyqueue@https://registry.npmjs.org/tinyqueue/-/tinyqueue-3.0.0.tgz. Extracting by manifest.
382 silly tarball no local data for tinypool@https://registry.npmjs.org/tinypool/-/tinypool-1.1.1.tgz. Extracting by manifest.
383 silly tarball no local data for tinyglobby@https://registry.npmjs.org/tinyglobby/-/tinyglobby-0.2.15.tgz. Extracting by manifest.
384 silly tarball no local data for tinybench@https://registry.npmjs.org/tinybench/-/tinybench-2.9.0.tgz. Extracting by manifest.
385 silly tarball no local data for tinyexec@https://registry.npmjs.org/tinyexec/-/tinyexec-0.3.2.tgz. Extracting by manifest.
386 silly tarball no local data for tiny-invariant@https://registry.npmjs.org/tiny-invariant/-/tiny-invariant-1.3.3.tgz. Extracting by manifest.
387 silly tarball no local data for timers-browserify@https://registry.npmjs.org/timers-browserify/-/timers-browserify-2.0.12.tgz. Extracting by manifest.
388 silly tarball no local data for terser-webpack-plugin@https://registry.npmjs.org/terser-webpack-plugin/-/terser-webpack-plugin-5.3.14.tgz. Extracting by manifest.
389 silly tarball no local data for terser@https://registry.npmjs.org/terser/-/terser-5.44.0.tgz. Extracting by manifest.
390 silly tarball no local data for test-exclude@https://registry.npmjs.org/test-exclude/-/test-exclude-7.0.1.tgz. Extracting by manifest.
391 silly tarball no local data for tsconfig-paths-webpack-plugin@https://registry.npmjs.org/tsconfig-paths-webpack-plugin/-/tsconfig-paths-webpack-plugin-4.2.0.tgz. Extracting by manifest.
392 silly tarball no local data for tailwindcss@https://registry.npmjs.org/tailwindcss/-/tailwindcss-4.1.13.tgz. Extracting by manifest.
393 silly tarball no local data for supports-color@https://registry.npmjs.org/supports-color/-/supports-color-7.2.0.tgz. Extracting by manifest.
394 silly tarball no local data for supercluster@https://registry.npmjs.org/supercluster/-/supercluster-8.0.1.tgz. Extracting by manifest.
395 silly tarball no local data for strip-literal@https://registry.npmjs.org/strip-literal/-/strip-literal-3.1.0.tgz. Extracting by manifest.
396 silly tarball no local data for strip-bom@https://registry.npmjs.org/strip-bom/-/strip-bom-3.0.0.tgz. Extracting by manifest.
397 silly tarball no local data for tar@https://registry.npmjs.org/tar/-/tar-7.5.1.tgz. Extracting by manifest.
398 silly tarball no local data for tapable@https://registry.npmjs.org/tapable/-/tapable-2.3.0.tgz. Extracting by manifest.
399 silly tarball no local data for style-loader@https://registry.npmjs.org/style-loader/-/style-loader-4.0.0.tgz. Extracting by manifest.
400 silly tarball no local data for supports-preserve-symlinks-flag@https://registry.npmjs.org/supports-preserve-symlinks-flag/-/supports-preserve-symlinks-flag-1.0.0.tgz. Extracting by manifest.
401 silly tarball no local data for strip-indent@https://registry.npmjs.org/strip-indent/-/strip-indent-4.1.0.tgz. Extracting by manifest.
402 silly tarball no local data for string-width@https://registry.npmjs.org/string-width/-/string-width-5.1.2.tgz. Extracting by manifest.
403 silly tarball no local data for styled-jsx@https://registry.npmjs.org/styled-jsx/-/styled-jsx-5.1.6.tgz. Extracting by manifest.
404 silly tarball no local data for string-width-cjs@https://registry.npmjs.org/string-width/-/string-width-4.2.3.tgz. Extracting by manifest.
405 silly tarball no local data for strip-ansi-cjs@https://registry.npmjs.org/strip-ansi/-/strip-ansi-6.0.1.tgz. Extracting by manifest.
406 silly tarball no local data for strip-ansi@https://registry.npmjs.org/strip-ansi/-/strip-ansi-7.1.2.tgz. Extracting by manifest.
407 silly tarball no local data for stream-browserify@https://registry.npmjs.org/stream-browserify/-/stream-browserify-3.0.0.tgz. Extracting by manifest.
408 silly tarball no local data for string_decoder@https://registry.npmjs.org/string_decoder/-/string_decoder-1.3.0.tgz. Extracting by manifest.
409 silly tarball no local data for stream-http@https://registry.npmjs.org/stream-http/-/stream-http-3.2.0.tgz. Extracting by manifest.
410 silly tarball no local data for stackback@https://registry.npmjs.org/stackback/-/stackback-0.0.2.tgz. Extracting by manifest.
411 silly tarball no local data for storybook@https://registry.npmjs.org/storybook/-/storybook-9.1.10.tgz. Extracting by manifest.
412 silly tarball no local data for splaytree@https://registry.npmjs.org/splaytree/-/splaytree-0.1.4.tgz. Extracting by manifest.
413 silly tarball no local data for source-map@https://registry.npmjs.org/source-map/-/source-map-0.7.6.tgz. Extracting by manifest.
414 silly tarball no local data for std-env@https://registry.npmjs.org/std-env/-/std-env-3.9.0.tgz. Extracting by manifest.
415 silly tarball no local data for source-map-js@https://registry.npmjs.org/source-map-js/-/source-map-js-1.2.1.tgz. Extracting by manifest.
416 silly tarball no local data for sirv@https://registry.npmjs.org/sirv/-/sirv-3.0.2.tgz. Extracting by manifest.
417 silly tarball no local data for sisteransi@https://registry.npmjs.org/sisteransi/-/sisteransi-1.0.5.tgz. Extracting by manifest.
418 silly tarball no local data for signal-exit@https://registry.npmjs.org/signal-exit/-/signal-exit-4.1.0.tgz. Extracting by manifest.
419 silly tarball no local data for source-map-support@https://registry.npmjs.org/source-map-support/-/source-map-support-0.5.21.tgz. Extracting by manifest.
420 silly tarball no local data for stackframe@https://registry.npmjs.org/stackframe/-/stackframe-1.3.4.tgz. Extracting by manifest.
421 silly tarball no local data for side-channel-map@https://registry.npmjs.org/side-channel-map/-/side-channel-map-1.0.1.tgz. Extracting by manifest.
422 silly tarball no local data for side-channel-list@https://registry.npmjs.org/side-channel-list/-/side-channel-list-1.0.0.tgz. Extracting by manifest.
423 silly tarball no local data for shebang-command@https://registry.npmjs.org/shebang-command/-/shebang-command-2.0.0.tgz. Extracting by manifest.
424 silly tarball no local data for siginfo@https://registry.npmjs.org/siginfo/-/siginfo-2.0.0.tgz. Extracting by manifest.
425 silly tarball no local data for shebang-regex@https://registry.npmjs.org/shebang-regex/-/shebang-regex-3.0.0.tgz. Extracting by manifest.
426 silly tarball no local data for sharp@https://registry.npmjs.org/sharp/-/sharp-0.34.4.tgz. Extracting by manifest.
427 silly tarball no local data for side-channel-weakmap@https://registry.npmjs.org/side-channel-weakmap/-/side-channel-weakmap-1.0.2.tgz. Extracting by manifest.
428 silly tarball no local data for set-function-length@https://registry.npmjs.org/set-function-length/-/set-function-length-1.2.2.tgz. Extracting by manifest.
429 silly tarball no local data for sha.js@https://registry.npmjs.org/sha.js/-/sha.js-2.4.12.tgz. Extracting by manifest.
430 silly tarball no local data for side-channel@https://registry.npmjs.org/side-channel/-/side-channel-1.1.0.tgz. Extracting by manifest.
431 silly tarball no local data for serialize-to-js@https://registry.npmjs.org/serialize-to-js/-/serialize-to-js-3.1.2.tgz. Extracting by manifest.
432 silly tarball no local data for setimmediate@https://registry.npmjs.org/setimmediate/-/setimmediate-1.0.5.tgz. Extracting by manifest.
433 silly tarball no local data for serialize-javascript@https://registry.npmjs.org/serialize-javascript/-/serialize-javascript-6.0.2.tgz. Extracting by manifest.
434 silly tarball no local data for semver@https://registry.npmjs.org/semver/-/semver-7.7.2.tgz. Extracting by manifest.
435 silly tarball no local data for schema-utils@https://registry.npmjs.org/schema-utils/-/schema-utils-4.3.3.tgz. Extracting by manifest.
436 silly tarball no local data for scheduler@https://registry.npmjs.org/scheduler/-/scheduler-0.26.0.tgz. Extracting by manifest.
437 silly tarball no local data for sass-loader@https://registry.npmjs.org/sass-loader/-/sass-loader-16.0.5.tgz. Extracting by manifest.
438 silly tarball no local data for safe-buffer@https://registry.npmjs.org/safe-buffer/-/safe-buffer-5.2.1.tgz. Extracting by manifest.
439 silly tarball no local data for robust-predicates@https://registry.npmjs.org/robust-predicates/-/robust-predicates-2.0.4.tgz. Extracting by manifest.
440 silly tarball no local data for ripemd160@https://registry.npmjs.org/ripemd160/-/ripemd160-2.0.3.tgz. Extracting by manifest.
441 silly tarball no local data for rimraf@https://registry.npmjs.org/rimraf/-/rimraf-3.0.2.tgz. Extracting by manifest.
442 silly tarball no local data for resolve-url-loader@https://registry.npmjs.org/resolve-url-loader/-/resolve-url-loader-5.0.0.tgz. Extracting by manifest.
443 silly tarball no local data for resolve-from@https://registry.npmjs.org/resolve-from/-/resolve-from-4.0.0.tgz. Extracting by manifest.
444 silly tarball no local data for resolve@https://registry.npmjs.org/resolve/-/resolve-1.22.10.tgz. Extracting by manifest.
445 silly tarball no local data for safe-regex-test@https://registry.npmjs.org/safe-regex-test/-/safe-regex-test-1.1.0.tgz. Extracting by manifest.
446 silly tarball no local data for require-from-string@https://registry.npmjs.org/require-from-string/-/require-from-string-2.0.2.tgz. Extracting by manifest.
447 silly tarball no local data for resolve-protobuf-schema@https://registry.npmjs.org/resolve-protobuf-schema/-/resolve-protobuf-schema-2.1.0.tgz. Extracting by manifest.
448 silly tarball no local data for rollup@https://registry.npmjs.org/rollup/-/rollup-4.52.4.tgz. Extracting by manifest.
449 silly tarball no local data for renderkid@https://registry.npmjs.org/renderkid/-/renderkid-3.0.0.tgz. Extracting by manifest.
450 silly tarball no local data for relateurl@https://registry.npmjs.org/relateurl/-/relateurl-0.2.7.tgz. Extracting by manifest.
451 silly tarball no local data for regexpu-core@https://registry.npmjs.org/regexpu-core/-/regexpu-core-6.4.0.tgz. Extracting by manifest.
452 silly tarball no local data for regjsparser@https://registry.npmjs.org/regjsparser/-/regjsparser-0.13.0.tgz. Extracting by manifest.
453 silly tarball no local data for regjsgen@https://registry.npmjs.org/regjsgen/-/regjsgen-0.8.0.tgz. Extracting by manifest.
454 silly tarball no local data for regenerate-unicode-properties@https://registry.npmjs.org/regenerate-unicode-properties/-/regenerate-unicode-properties-10.2.2.tgz. Extracting by manifest.
455 silly tarball no local data for regex-parser@https://registry.npmjs.org/regex-parser/-/regex-parser-2.3.1.tgz. Extracting by manifest.
456 silly tarball no local data for readdirp@https://registry.npmjs.org/readdirp/-/readdirp-3.6.0.tgz. Extracting by manifest.
457 silly tarball no local data for react-refresh@https://registry.npmjs.org/react-refresh/-/react-refresh-0.14.2.tgz. Extracting by manifest.
458 silly tarball no local data for regenerate@https://registry.npmjs.org/regenerate/-/regenerate-1.4.2.tgz. Extracting by manifest.
459 silly tarball no local data for redent@https://registry.npmjs.org/redent/-/redent-3.0.0.tgz. Extracting by manifest.
460 silly tarball no local data for readable-stream@https://registry.npmjs.org/readable-stream/-/readable-stream-4.7.0.tgz. Extracting by manifest.
461 silly tarball no local data for react-dom@https://registry.npmjs.org/react-dom/-/react-dom-19.1.0.tgz. Extracting by manifest.
462 silly tarball no local data for react-is@https://registry.npmjs.org/react-is/-/react-is-17.0.2.tgz. Extracting by manifest.
463 silly tarball no local data for react-docgen@https://registry.npmjs.org/react-docgen/-/react-docgen-7.1.1.tgz. Extracting by manifest.
464 silly tarball no local data for react@https://registry.npmjs.org/react/-/react-19.1.0.tgz. Extracting by manifest.
465 silly tarball no local data for range-parser@https://registry.npmjs.org/range-parser/-/range-parser-1.2.1.tgz. Extracting by manifest.
466 silly tarball no local data for randomfill@https://registry.npmjs.org/randomfill/-/randomfill-1.0.4.tgz. Extracting by manifest.
467 silly tarball no local data for randombytes@https://registry.npmjs.org/randombytes/-/randombytes-2.1.0.tgz. Extracting by manifest.
468 silly tarball no local data for recast@https://registry.npmjs.org/recast/-/recast-0.23.11.tgz. Extracting by manifest.
469 silly tarball no local data for quickselect@https://registry.npmjs.org/quickselect/-/quickselect-3.0.0.tgz. Extracting by manifest.
470 silly tarball no local data for public-encrypt@https://registry.npmjs.org/public-encrypt/-/public-encrypt-4.0.3.tgz. Extracting by manifest.
471 silly tarball no local data for querystring-es3@https://registry.npmjs.org/querystring-es3/-/querystring-es3-0.2.1.tgz. Extracting by manifest.
472 silly tarball no local data for qs@https://registry.npmjs.org/qs/-/qs-6.14.0.tgz. Extracting by manifest.
473 silly tarball no local data for prompts@https://registry.npmjs.org/prompts/-/prompts-2.4.2.tgz. Extracting by manifest.
474 silly tarball no local data for process@https://registry.npmjs.org/process/-/process-0.11.10.tgz. Extracting by manifest.
475 silly tarball no local data for process-nextick-args@https://registry.npmjs.org/process-nextick-args/-/process-nextick-args-2.0.1.tgz. Extracting by manifest.
476 silly tarball no local data for protocol-buffers-schema@https://registry.npmjs.org/protocol-buffers-schema/-/protocol-buffers-schema-3.6.0.tgz. Extracting by manifest.
477 silly tarball no local data for punycode@https://registry.npmjs.org/punycode/-/punycode-2.3.1.tgz. Extracting by manifest.
478 silly tarball no local data for pretty-error@https://registry.npmjs.org/pretty-error/-/pretty-error-4.0.0.tgz. Extracting by manifest.
479 silly tarball no local data for react-docgen-typescript@https://registry.npmjs.org/react-docgen-typescript/-/react-docgen-typescript-2.4.0.tgz. Extracting by manifest.
480 silly tarball no local data for pretty-format@https://registry.npmjs.org/pretty-format/-/pretty-format-27.5.1.tgz. Extracting by manifest.
481 silly tarball no local data for postcss-value-parser@https://registry.npmjs.org/postcss-value-parser/-/postcss-value-parser-4.2.0.tgz. Extracting by manifest.
482 silly tarball no local data for postcss-selector-parser@https://registry.npmjs.org/postcss-selector-parser/-/postcss-selector-parser-7.1.0.tgz. Extracting by manifest.
483 silly tarball no local data for postcss-modules-extract-imports@https://registry.npmjs.org/postcss-modules-extract-imports/-/postcss-modules-extract-imports-3.1.0.tgz. Extracting by manifest.
484 silly tarball no local data for postcss-modules-local-by-default@https://registry.npmjs.org/postcss-modules-local-by-default/-/postcss-modules-local-by-default-4.2.0.tgz. Extracting by manifest.
485 silly tarball no local data for postcss-modules-values@https://registry.npmjs.org/postcss-modules-values/-/postcss-modules-values-4.0.0.tgz. Extracting by manifest.
486 silly tarball no local data for playwright@https://registry.npmjs.org/playwright/-/playwright-1.56.0.tgz. Extracting by manifest.
487 silly tarball no local data for potpack@https://registry.npmjs.org/potpack/-/potpack-2.1.0.tgz. Extracting by manifest.
488 silly tarball no local data for playwright-core@https://registry.npmjs.org/playwright-core/-/playwright-core-1.56.0.tgz. Extracting by manifest.
489 silly tarball no local data for possible-typed-array-names@https://registry.npmjs.org/possible-typed-array-names/-/possible-typed-array-names-1.1.0.tgz. Extracting by manifest.
490 silly tarball no local data for postcss-modules-scope@https://registry.npmjs.org/postcss-modules-scope/-/postcss-modules-scope-3.2.1.tgz. Extracting by manifest.
491 silly tarball no local data for pkg-dir@https://registry.npmjs.org/pkg-dir/-/pkg-dir-4.2.0.tgz. Extracting by manifest.
492 silly tarball no local data for picomatch@https://registry.npmjs.org/picomatch/-/picomatch-2.3.1.tgz. Extracting by manifest.
493 silly tarball no local data for picocolors@https://registry.npmjs.org/picocolors/-/picocolors-1.1.1.tgz. Extracting by manifest.
494 silly tarball no local data for pbf@https://registry.npmjs.org/pbf/-/pbf-4.0.1.tgz. Extracting by manifest.
495 silly tarball no local data for path-type@https://registry.npmjs.org/path-type/-/path-type-4.0.0.tgz. Extracting by manifest.
496 silly tarball no local data for postcss@https://registry.npmjs.org/postcss/-/postcss-8.5.6.tgz. Extracting by manifest.
497 silly tarball no local data for pathe@https://registry.npmjs.org/pathe/-/pathe-2.0.3.tgz. Extracting by manifest.
498 silly tarball no local data for path-scurry@https://registry.npmjs.org/path-scurry/-/path-scurry-1.11.1.tgz. Extracting by manifest.
499 silly tarball no local data for path-parse@https://registry.npmjs.org/path-parse/-/path-parse-1.0.7.tgz. Extracting by manifest.
500 silly tarball no local data for path-key@https://registry.npmjs.org/path-key/-/path-key-3.1.1.tgz. Extracting by manifest.
501 silly tarball no local data for path-is-absolute@https://registry.npmjs.org/path-is-absolute/-/path-is-absolute-1.0.1.tgz. Extracting by manifest.
502 silly tarball no local data for path-exists@https://registry.npmjs.org/path-exists/-/path-exists-5.0.0.tgz. Extracting by manifest.
503 silly tarball no local data for pbkdf2@https://registry.npmjs.org/pbkdf2/-/pbkdf2-3.1.5.tgz. Extracting by manifest.
504 silly tarball no local data for path-browserify@https://registry.npmjs.org/path-browserify/-/path-browserify-1.0.1.tgz. Extracting by manifest.
505 silly tarball no local data for pathval@https://registry.npmjs.org/pathval/-/pathval-2.0.1.tgz. Extracting by manifest.
506 silly tarball no local data for parse-json@https://registry.npmjs.org/parse-json/-/parse-json-5.2.0.tgz. Extracting by manifest.
507 silly tarball no local data for parent-module@https://registry.npmjs.org/parent-module/-/parent-module-1.0.1.tgz. Extracting by manifest.
508 silly tarball no local data for parse-asn1@https://registry.npmjs.org/parse-asn1/-/parse-asn1-5.1.9.tgz. Extracting by manifest.
509 silly tarball no local data for param-case@https://registry.npmjs.org/param-case/-/param-case-3.0.4.tgz. Extracting by manifest.
510 silly tarball no local data for pako@https://registry.npmjs.org/pako/-/pako-1.0.11.tgz. Extracting by manifest.
511 silly tarball no local data for package-json-from-dist@https://registry.npmjs.org/package-json-from-dist/-/package-json-from-dist-1.0.1.tgz. Extracting by manifest.
512 silly tarball no local data for p-try@https://registry.npmjs.org/p-try/-/p-try-2.2.0.tgz. Extracting by manifest.
513 silly tarball no local data for p-locate@https://registry.npmjs.org/p-locate/-/p-locate-6.0.0.tgz. Extracting by manifest.
514 silly tarball no local data for p-limit@https://registry.npmjs.org/p-limit/-/p-limit-4.0.0.tgz. Extracting by manifest.
515 silly tarball no local data for os-browserify@https://registry.npmjs.org/os-browserify/-/os-browserify-0.3.0.tgz. Extracting by manifest.
516 silly tarball no local data for once@https://registry.npmjs.org/once/-/once-1.4.0.tgz. Extracting by manifest.
517 silly tarball no local data for objectorarray@https://registry.npmjs.org/objectorarray/-/objectorarray-1.0.5.tgz. Extracting by manifest.
518 silly tarball no local data for object.assign@https://registry.npmjs.org/object.assign/-/object.assign-4.1.7.tgz. Extracting by manifest.
519 silly tarball no local data for open@https://registry.npmjs.org/open/-/open-8.4.2.tgz. Extracting by manifest.
520 silly tarball no local data for object-keys@https://registry.npmjs.org/object-keys/-/object-keys-1.1.1.tgz. Extracting by manifest.
521 silly tarball no local data for nth-check@https://registry.npmjs.org/nth-check/-/nth-check-2.1.1.tgz. Extracting by manifest.
522 silly tarball no local data for postcss-loader@https://registry.npmjs.org/postcss-loader/-/postcss-loader-8.2.0.tgz. Extracting by manifest.
523 silly tarball no local data for object-is@https://registry.npmjs.org/object-is/-/object-is-1.1.6.tgz. Extracting by manifest.
524 silly tarball no local data for normalize-range@https://registry.npmjs.org/normalize-range/-/normalize-range-0.1.2.tgz. Extracting by manifest.
525 silly tarball no local data for object-inspect@https://registry.npmjs.org/object-inspect/-/object-inspect-1.13.4.tgz. Extracting by manifest.
526 silly tarball no local data for node-polyfill-webpack-plugin@https://registry.npmjs.org/node-polyfill-webpack-plugin/-/node-polyfill-webpack-plugin-2.0.1.tgz. Extracting by manifest.
527 silly tarball no local data for node-releases@https://registry.npmjs.org/node-releases/-/node-releases-2.0.21.tgz. Extracting by manifest.
528 silly tarball no local data for no-case@https://registry.npmjs.org/no-case/-/no-case-3.0.4.tgz. Extracting by manifest.
529 silly tarball no local data for node-abort-controller@https://registry.npmjs.org/node-abort-controller/-/node-abort-controller-3.1.1.tgz. Extracting by manifest.
530 silly tarball no local data for normalize-path@https://registry.npmjs.org/normalize-path/-/normalize-path-3.0.0.tgz. Extracting by manifest.
531 silly tarball no local data for neo-async@https://registry.npmjs.org/neo-async/-/neo-async-2.6.2.tgz. Extracting by manifest.
532 silly tarball no local data for ms@https://registry.npmjs.org/ms/-/ms-2.1.3.tgz. Extracting by manifest.
533 silly tarball no local data for murmurhash-js@https://registry.npmjs.org/murmurhash-js/-/murmurhash-js-1.0.0.tgz. Extracting by manifest.
534 silly tarball no local data for next@https://registry.npmjs.org/next/-/next-15.5.4.tgz. Extracting by manifest.
535 silly tarball no local data for minizlib@https://registry.npmjs.org/minizlib/-/minizlib-3.1.0.tgz. Extracting by manifest.
536 silly tarball no local data for module-alias@https://registry.npmjs.org/module-alias/-/module-alias-2.2.3.tgz. Extracting by manifest.
537 silly tarball no local data for mrmime@https://registry.npmjs.org/mrmime/-/mrmime-2.0.1.tgz. Extracting by manifest.
538 silly tarball no local data for nanoid@https://registry.npmjs.org/nanoid/-/nanoid-3.3.11.tgz. Extracting by manifest.
539 silly tarball no local data for minipass@https://registry.npmjs.org/minipass/-/minipass-7.1.2.tgz. Extracting by manifest.
540 silly tarball no local data for pascal-case@https://registry.npmjs.org/pascal-case/-/pascal-case-3.1.2.tgz. Extracting by manifest.
541 silly tarball no local data for minimist@https://registry.npmjs.org/minimist/-/minimist-1.2.8.tgz. Extracting by manifest.
542 silly tarball no local data for minimalistic-assert@https://registry.npmjs.org/minimalistic-assert/-/minimalistic-assert-1.0.1.tgz. Extracting by manifest.
543 silly tarball no local data for minimatch@https://registry.npmjs.org/minimatch/-/minimatch-3.1.2.tgz. Extracting by manifest.
544 silly tarball no local data for mime-db@https://registry.npmjs.org/mime-db/-/mime-db-1.52.0.tgz. Extracting by manifest.
545 silly tarball no local data for min-indent@https://registry.npmjs.org/min-indent/-/min-indent-1.0.1.tgz. Extracting by manifest.
546 silly tarball no local data for minimalistic-crypto-utils@https://registry.npmjs.org/minimalistic-crypto-utils/-/minimalistic-crypto-utils-1.0.1.tgz. Extracting by manifest.
547 silly tarball no local data for mime-types@https://registry.npmjs.org/mime-types/-/mime-types-2.1.35.tgz. Extracting by manifest.
548 silly tarball no local data for md5.js@https://registry.npmjs.org/md5.js/-/md5.js-1.3.5.tgz. Extracting by manifest.
549 silly tarball no local data for micromatch@https://registry.npmjs.org/micromatch/-/micromatch-4.0.8.tgz. Extracting by manifest.
550 silly tarball no local data for memfs@https://registry.npmjs.org/memfs/-/memfs-3.5.3.tgz. Extracting by manifest.
551 silly tarball no local data for merge-stream@https://registry.npmjs.org/merge-stream/-/merge-stream-2.0.0.tgz. Extracting by manifest.
552 silly tarball no local data for math-intrinsics@https://registry.npmjs.org/math-intrinsics/-/math-intrinsics-1.1.0.tgz. Extracting by manifest.
553 silly tarball no local data for make-dir@https://registry.npmjs.org/make-dir/-/make-dir-3.1.0.tgz. Extracting by manifest.
554 silly tarball no local data for mapbox-gl@https://registry.npmjs.org/mapbox-gl/-/mapbox-gl-3.15.0.tgz. Extracting by manifest.
555 silly tarball no local data for miller-rabin@https://registry.npmjs.org/miller-rabin/-/miller-rabin-4.0.1.tgz. Extracting by manifest.
556 silly tarball no local data for magic-string@https://registry.npmjs.org/magic-string/-/magic-string-0.30.19.tgz. Extracting by manifest.
557 silly tarball no local data for martinez-polygon-clipping@https://registry.npmjs.org/martinez-polygon-clipping/-/martinez-polygon-clipping-0.7.4.tgz. Extracting by manifest.
558 silly tarball no local data for magicast@https://registry.npmjs.org/magicast/-/magicast-0.3.5.tgz. Extracting by manifest.
559 silly tarball no local data for lower-case@https://registry.npmjs.org/lower-case/-/lower-case-2.0.2.tgz. Extracting by manifest.
560 silly tarball no local data for lz-string@https://registry.npmjs.org/lz-string/-/lz-string-1.5.0.tgz. Extracting by manifest.
561 silly tarball no local data for locate-path@https://registry.npmjs.org/locate-path/-/locate-path-7.2.0.tgz. Extracting by manifest.
562 silly tarball no local data for loader-utils@https://registry.npmjs.org/loader-utils/-/loader-utils-3.3.1.tgz. Extracting by manifest.
563 silly tarball no local data for lru-cache@https://registry.npmjs.org/lru-cache/-/lru-cache-5.1.1.tgz. Extracting by manifest.
564 silly tarball no local data for lodash.debounce@https://registry.npmjs.org/lodash.debounce/-/lodash.debounce-4.0.8.tgz. Extracting by manifest.
565 silly tarball no local data for loader-runner@https://registry.npmjs.org/loader-runner/-/loader-runner-4.3.0.tgz. Extracting by manifest.
566 silly tarball no local data for lightningcss-darwin-arm64@https://registry.npmjs.org/lightningcss-darwin-arm64/-/lightningcss-darwin-arm64-1.30.1.tgz. Extracting by manifest.
567 silly tarball no local data for lines-and-columns@https://registry.npmjs.org/lines-and-columns/-/lines-and-columns-1.2.4.tgz. Extracting by manifest.
568 silly tarball no local data for lodash@https://registry.npmjs.org/lodash/-/lodash-4.17.21.tgz. Extracting by manifest.
569 silly tarball no local data for kleur@https://registry.npmjs.org/kleur/-/kleur-3.0.3.tgz. Extracting by manifest.
570 silly tarball no local data for lightningcss@https://registry.npmjs.org/lightningcss/-/lightningcss-1.30.1.tgz. Extracting by manifest.
571 silly tarball no local data for keyv@https://registry.npmjs.org/keyv/-/keyv-4.5.4.tgz. Extracting by manifest.
572 silly tarball no local data for json5@https://registry.npmjs.org/json5/-/json5-2.2.3.tgz. Extracting by manifest.
573 silly tarball no local data for kdbush@https://registry.npmjs.org/kdbush/-/kdbush-4.0.2.tgz. Extracting by manifest.
574 silly tarball no local data for json-parse-even-better-errors@https://registry.npmjs.org/json-parse-even-better-errors/-/json-parse-even-better-errors-2.3.1.tgz. Extracting by manifest.
575 silly tarball no local data for jsonfile@https://registry.npmjs.org/jsonfile/-/jsonfile-6.2.0.tgz. Extracting by manifest.
576 silly tarball no local data for json-schema-traverse@https://registry.npmjs.org/json-schema-traverse/-/json-schema-traverse-1.0.0.tgz. Extracting by manifest.
577 silly tarball no local data for js-yaml@https://registry.npmjs.org/js-yaml/-/js-yaml-4.1.0.tgz. Extracting by manifest.
578 silly tarball no local data for jiti@https://registry.npmjs.org/jiti/-/jiti-2.6.0.tgz. Extracting by manifest.
579 silly tarball no local data for jackspeak@https://registry.npmjs.org/jackspeak/-/jackspeak-3.4.3.tgz. Extracting by manifest.
580 silly tarball no local data for loupe@https://registry.npmjs.org/loupe/-/loupe-3.2.1.tgz. Extracting by manifest.
581 silly tarball no local data for js-tokens@https://registry.npmjs.org/js-tokens/-/js-tokens-4.0.0.tgz. Extracting by manifest.
582 silly tarball no local data for jest-worker@https://registry.npmjs.org/jest-worker/-/jest-worker-27.5.1.tgz. Extracting by manifest.
583 silly tarball no local data for istanbul-reports@https://registry.npmjs.org/istanbul-reports/-/istanbul-reports-3.2.0.tgz. Extracting by manifest.
584 silly tarball no local data for istanbul-lib-source-maps@https://registry.npmjs.org/istanbul-lib-source-maps/-/istanbul-lib-source-maps-5.0.6.tgz. Extracting by manifest.
585 silly tarball no local data for istanbul-lib-report@https://registry.npmjs.org/istanbul-lib-report/-/istanbul-lib-report-3.0.1.tgz. Extracting by manifest.
586 silly tarball no local data for isarray@https://registry.npmjs.org/isarray/-/isarray-2.0.5.tgz. Extracting by manifest.
587 silly tarball no local data for json-buffer@https://registry.npmjs.org/json-buffer/-/json-buffer-3.0.1.tgz. Extracting by manifest.
588 silly tarball no local data for is-typed-array@https://registry.npmjs.org/is-typed-array/-/is-typed-array-1.1.15.tgz. Extracting by manifest.
589 silly tarball no local data for is-regex@https://registry.npmjs.org/is-regex/-/is-regex-1.2.1.tgz. Extracting by manifest.
590 silly tarball no local data for is-wsl@https://registry.npmjs.org/is-wsl/-/is-wsl-2.2.0.tgz. Extracting by manifest.
591 silly tarball no local data for is-number@https://registry.npmjs.org/is-number/-/is-number-7.0.0.tgz. Extracting by manifest.
592 silly tarball no local data for is-nan@https://registry.npmjs.org/is-nan/-/is-nan-1.3.2.tgz. Extracting by manifest.
593 silly tarball no local data for istanbul-lib-coverage@https://registry.npmjs.org/istanbul-lib-coverage/-/istanbul-lib-coverage-3.2.2.tgz. Extracting by manifest.
594 silly tarball no local data for is-glob@https://registry.npmjs.org/is-glob/-/is-glob-4.0.3.tgz. Extracting by manifest.
595 silly tarball no local data for jsesc@https://registry.npmjs.org/jsesc/-/jsesc-3.1.0.tgz. Extracting by manifest.
596 silly tarball no local data for isexe@https://registry.npmjs.org/isexe/-/isexe-2.0.0.tgz. Extracting by manifest.
597 silly tarball no local data for is-core-module@https://registry.npmjs.org/is-core-module/-/is-core-module-2.16.1.tgz. Extracting by manifest.
598 silly tarball no local data for is-generator-function@https://registry.npmjs.org/is-generator-function/-/is-generator-function-1.1.2.tgz. Extracting by manifest.
599 silly tarball no local data for is-binary-path@https://registry.npmjs.org/is-binary-path/-/is-binary-path-2.1.0.tgz. Extracting by manifest.
600 silly tarball no local data for is-callable@https://registry.npmjs.org/is-callable/-/is-callable-1.2.7.tgz. Extracting by manifest.
601 silly tarball no local data for is-extglob@https://registry.npmjs.org/is-extglob/-/is-extglob-2.1.1.tgz. Extracting by manifest.
602 silly tarball no local data for is-arrayish@https://registry.npmjs.org/is-arrayish/-/is-arrayish-0.2.1.tgz. Extracting by manifest.
603 silly tarball no local data for is-fullwidth-code-point@https://registry.npmjs.org/is-fullwidth-code-point/-/is-fullwidth-code-point-3.0.0.tgz. Extracting by manifest.
604 silly tarball no local data for inherits@https://registry.npmjs.org/inherits/-/inherits-2.0.4.tgz. Extracting by manifest.
605 silly tarball no local data for is-docker@https://registry.npmjs.org/is-docker/-/is-docker-2.2.1.tgz. Extracting by manifest.
606 silly tarball no local data for inflight@https://registry.npmjs.org/inflight/-/inflight-1.0.6.tgz. Extracting by manifest.
607 silly tarball no local data for image-size@https://registry.npmjs.org/image-size/-/image-size-2.0.2.tgz. Extracting by manifest.
608 silly tarball no local data for is-arguments@https://registry.npmjs.org/is-arguments/-/is-arguments-1.2.0.tgz. Extracting by manifest.
609 silly tarball no local data for import-fresh@https://registry.npmjs.org/import-fresh/-/import-fresh-3.3.1.tgz. Extracting by manifest.
610 silly tarball no local data for icss-utils@https://registry.npmjs.org/icss-utils/-/icss-utils-5.1.0.tgz. Extracting by manifest.
611 silly tarball no local data for indent-string@https://registry.npmjs.org/indent-string/-/indent-string-4.0.0.tgz. Extracting by manifest.
612 silly tarball no local data for https-browserify@https://registry.npmjs.org/https-browserify/-/https-browserify-1.0.0.tgz. Extracting by manifest.
613 silly tarball no local data for htmlparser2@https://registry.npmjs.org/htmlparser2/-/htmlparser2-6.1.0.tgz. Extracting by manifest.
614 silly tarball no local data for html-minifier-terser@https://registry.npmjs.org/html-minifier-terser/-/html-minifier-terser-6.1.0.tgz. Extracting by manifest.
615 silly tarball no local data for html-escaper@https://registry.npmjs.org/html-escaper/-/html-escaper-2.0.2.tgz. Extracting by manifest.
616 silly tarball no local data for html-entities@https://registry.npmjs.org/html-entities/-/html-entities-2.6.0.tgz. Extracting by manifest.
617 silly tarball no local data for html-webpack-plugin@https://registry.npmjs.org/html-webpack-plugin/-/html-webpack-plugin-5.6.4.tgz. Extracting by manifest.
618 silly tarball no local data for ieee754@https://registry.npmjs.org/ieee754/-/ieee754-1.2.1.tgz. Extracting by manifest.
619 silly tarball no local data for he@https://registry.npmjs.org/he/-/he-1.2.0.tgz. Extracting by manifest.
620 silly tarball no local data for hash-base@https://registry.npmjs.org/hash-base/-/hash-base-3.0.5.tgz. Extracting by manifest.
621 silly tarball no local data for hash.js@https://registry.npmjs.org/hash.js/-/hash.js-1.1.7.tgz. Extracting by manifest.
622 silly tarball no local data for hasown@https://registry.npmjs.org/hasown/-/hasown-2.0.2.tgz. Extracting by manifest.
623 silly tarball no local data for has-tostringtag@https://registry.npmjs.org/has-tostringtag/-/has-tostringtag-1.0.2.tgz. Extracting by manifest.
624 silly tarball no local data for has-property-descriptors@https://registry.npmjs.org/has-property-descriptors/-/has-property-descriptors-1.0.2.tgz. Extracting by manifest.
625 silly tarball no local data for hmac-drbg@https://registry.npmjs.org/hmac-drbg/-/hmac-drbg-1.0.1.tgz. Extracting by manifest.
626 silly tarball no local data for grid-index@https://registry.npmjs.org/grid-index/-/grid-index-1.1.0.tgz. Extracting by manifest.
627 silly tarball no local data for has-flag@https://registry.npmjs.org/has-flag/-/has-flag-4.0.0.tgz. Extracting by manifest.
628 silly tarball no local data for gopd@https://registry.npmjs.org/gopd/-/gopd-1.2.0.tgz. Extracting by manifest.
629 silly tarball no local data for globrex@https://registry.npmjs.org/globrex/-/globrex-0.1.2.tgz. Extracting by manifest.
630 silly tarball no local data for glob-to-regexp@https://registry.npmjs.org/glob-to-regexp/-/glob-to-regexp-0.4.1.tgz. Extracting by manifest.
631 silly tarball no local data for has-symbols@https://registry.npmjs.org/has-symbols/-/has-symbols-1.1.0.tgz. Extracting by manifest.
632 silly tarball no local data for graceful-fs@https://registry.npmjs.org/graceful-fs/-/graceful-fs-4.2.11.tgz. Extracting by manifest.
633 silly tarball no local data for glob@https://registry.npmjs.org/glob/-/glob-7.2.3.tgz. Extracting by manifest.
634 silly tarball no local data for glob-parent@https://registry.npmjs.org/glob-parent/-/glob-parent-5.1.2.tgz. Extracting by manifest.
635 silly tarball no local data for gl-matrix@https://registry.npmjs.org/gl-matrix/-/gl-matrix-3.4.4.tgz. Extracting by manifest.
636 silly tarball no local data for generator-function@https://registry.npmjs.org/generator-function/-/generator-function-2.0.1.tgz. Extracting by manifest.
637 silly tarball no local data for geojson-vt@https://registry.npmjs.org/geojson-vt/-/geojson-vt-4.0.2.tgz. Extracting by manifest.
638 silly tarball no local data for get-proto@https://registry.npmjs.org/get-proto/-/get-proto-1.0.1.tgz. Extracting by manifest.
639 silly tarball no local data for get-intrinsic@https://registry.npmjs.org/get-intrinsic/-/get-intrinsic-1.3.0.tgz. Extracting by manifest.
640 silly tarball no local data for function-bind@https://registry.npmjs.org/function-bind/-/function-bind-1.1.2.tgz. Extracting by manifest.
641 silly tarball no local data for fs.realpath@https://registry.npmjs.org/fs.realpath/-/fs.realpath-1.0.0.tgz. Extracting by manifest.
642 silly tarball no local data for fs-monkey@https://registry.npmjs.org/fs-monkey/-/fs-monkey-1.1.0.tgz. Extracting by manifest.
643 silly tarball no local data for gensync@https://registry.npmjs.org/gensync/-/gensync-1.0.0-beta.2.tgz. Extracting by manifest.
644 silly tarball no local data for fsevents@https://registry.npmjs.org/fsevents/-/fsevents-2.3.3.tgz. Extracting by manifest.
645 silly tarball no local data for fork-ts-checker-webpack-plugin@https://registry.npmjs.org/fork-ts-checker-webpack-plugin/-/fork-ts-checker-webpack-plugin-8.0.0.tgz. Extracting by manifest.
646 silly tarball no local data for foreground-child@https://registry.npmjs.org/foreground-child/-/foreground-child-3.3.1.tgz. Extracting by manifest.
647 silly tarball no local data for flatted@https://registry.npmjs.org/flatted/-/flatted-3.3.3.tgz. Extracting by manifest.
648 silly tarball no local data for fraction.js@https://registry.npmjs.org/fraction.js/-/fraction.js-4.3.7.tgz. Extracting by manifest.
649 silly tarball no local data for for-each@https://registry.npmjs.org/for-each/-/for-each-0.3.5.tgz. Extracting by manifest.
650 silly tarball no local data for flat-cache@https://registry.npmjs.org/flat-cache/-/flat-cache-3.2.0.tgz. Extracting by manifest.
651 silly tarball no local data for find-up@https://registry.npmjs.org/find-up/-/find-up-7.0.0.tgz. Extracting by manifest.
652 silly tarball no local data for fill-range@https://registry.npmjs.org/fill-range/-/fill-range-7.1.1.tgz. Extracting by manifest.
653 silly tarball no local data for filter-obj@https://registry.npmjs.org/filter-obj/-/filter-obj-2.0.2.tgz. Extracting by manifest.
654 silly tarball no local data for fs-extra@https://registry.npmjs.org/fs-extra/-/fs-extra-10.1.0.tgz. Extracting by manifest.
655 silly tarball no local data for find-cache-dir@https://registry.npmjs.org/find-cache-dir/-/find-cache-dir-3.3.2.tgz. Extracting by manifest.
656 silly tarball no local data for filesize@https://registry.npmjs.org/filesize/-/filesize-10.1.6.tgz. Extracting by manifest.
657 silly tarball no local data for fast-json-stable-stringify@https://registry.npmjs.org/fast-json-stable-stringify/-/fast-json-stable-stringify-2.1.0.tgz. Extracting by manifest.
658 silly tarball no local data for fast-json-parse@https://registry.npmjs.org/fast-json-parse/-/fast-json-parse-1.0.3.tgz. Extracting by manifest.
659 silly tarball no local data for expect-type@https://registry.npmjs.org/expect-type/-/expect-type-1.2.2.tgz. Extracting by manifest.
660 silly tarball no local data for events@https://registry.npmjs.org/events/-/events-3.3.0.tgz. Extracting by manifest.
661 silly tarball no local data for esutils@https://registry.npmjs.org/esutils/-/esutils-2.0.3.tgz. Extracting by manifest.
662 silly tarball no local data for fast-deep-equal@https://registry.npmjs.org/fast-deep-equal/-/fast-deep-equal-3.1.3.tgz. Extracting by manifest.
663 silly tarball no local data for evp_bytestokey@https://registry.npmjs.org/evp_bytestokey/-/evp_bytestokey-1.0.3.tgz. Extracting by manifest.
664 silly tarball no local data for estree-walker@https://registry.npmjs.org/estree-walker/-/estree-walker-3.0.3.tgz. Extracting by manifest.
665 silly tarball no local data for estraverse@https://registry.npmjs.org/estraverse/-/estraverse-4.3.0.tgz. Extracting by manifest.
666 silly tarball no local data for eslint-scope@https://registry.npmjs.org/eslint-scope/-/eslint-scope-5.1.1.tgz. Extracting by manifest.
667 silly tarball no local data for fast-uri@https://registry.npmjs.org/fast-uri/-/fast-uri-3.1.0.tgz. Extracting by manifest.
668 silly tarball no local data for esprima@https://registry.npmjs.org/esprima/-/esprima-4.0.1.tgz. Extracting by manifest.
669 silly tarball no local data for event-target-shim@https://registry.npmjs.org/event-target-shim/-/event-target-shim-5.0.1.tgz. Extracting by manifest.
670 silly tarball no local data for esrecurse@https://registry.npmjs.org/esrecurse/-/esrecurse-4.3.0.tgz. Extracting by manifest.
671 silly tarball no local data for escalade@https://registry.npmjs.org/escalade/-/escalade-3.2.0.tgz. Extracting by manifest.
672 silly tarball no local data for esbuild-register@https://registry.npmjs.org/esbuild-register/-/esbuild-register-3.6.0.tgz. Extracting by manifest.
673 silly tarball no local data for esbuild@https://registry.npmjs.org/esbuild/-/esbuild-0.25.10.tgz. Extracting by manifest.
674 silly tarball no local data for es-module-lexer@https://registry.npmjs.org/es-module-lexer/-/es-module-lexer-1.7.0.tgz. Extracting by manifest.
675 silly tarball no local data for es-define-property@https://registry.npmjs.org/es-define-property/-/es-define-property-1.0.1.tgz. Extracting by manifest.
676 silly tarball no local data for error-ex@https://registry.npmjs.org/error-ex/-/error-ex-1.3.4.tgz. Extracting by manifest.
677 silly tarball no local data for es-errors@https://registry.npmjs.org/es-errors/-/es-errors-1.3.0.tgz. Extracting by manifest.
678 silly tarball no local data for error-stack-parser@https://registry.npmjs.org/error-stack-parser/-/error-stack-parser-2.1.4.tgz. Extracting by manifest.
679 silly tarball no local data for env-paths@https://registry.npmjs.org/env-paths/-/env-paths-2.2.1.tgz. Extracting by manifest.
680 silly tarball no local data for entities@https://registry.npmjs.org/entities/-/entities-2.2.0.tgz. Extracting by manifest.
681 silly tarball no local data for enhanced-resolve@https://registry.npmjs.org/enhanced-resolve/-/enhanced-resolve-5.18.3.tgz. Extracting by manifest.
682 silly tarball no local data for emoji-regex@https://registry.npmjs.org/emoji-regex/-/emoji-regex-9.2.2.tgz. Extracting by manifest.
683 silly tarball no local data for emojis-list@https://registry.npmjs.org/emojis-list/-/emojis-list-3.0.0.tgz. Extracting by manifest.
684 silly tarball no local data for endent@https://registry.npmjs.org/endent/-/endent-2.1.0.tgz. Extracting by manifest.
685 silly tarball no local data for electron-to-chromium@https://registry.npmjs.org/electron-to-chromium/-/electron-to-chromium-1.5.232.tgz. Extracting by manifest.
686 silly tarball no local data for elliptic@https://registry.npmjs.org/elliptic/-/elliptic-6.6.1.tgz. Extracting by manifest.
687 silly tarball no local data for eastasianwidth@https://registry.npmjs.org/eastasianwidth/-/eastasianwidth-0.2.0.tgz. Extracting by manifest.
688 silly tarball no local data for dunder-proto@https://registry.npmjs.org/dunder-proto/-/dunder-proto-1.0.1.tgz. Extracting by manifest.
689 silly tarball no local data for dot-case@https://registry.npmjs.org/dot-case/-/dot-case-3.0.4.tgz. Extracting by manifest.
690 silly tarball no local data for earcut@https://registry.npmjs.org/earcut/-/earcut-3.0.2.tgz. Extracting by manifest.
691 silly tarball no local data for domhandler@https://registry.npmjs.org/domhandler/-/domhandler-4.3.1.tgz. Extracting by manifest.
692 silly tarball no local data for domain-browser@https://registry.npmjs.org/domain-browser/-/domain-browser-4.23.0.tgz. Extracting by manifest.
693 silly tarball no local data for domelementtype@https://registry.npmjs.org/domelementtype/-/domelementtype-2.3.0.tgz. Extracting by manifest.
694 silly tarball no local data for dom-converter@https://registry.npmjs.org/dom-converter/-/dom-converter-0.2.0.tgz. Extracting by manifest.
695 silly tarball no local data for dom-serializer@https://registry.npmjs.org/dom-serializer/-/dom-serializer-1.4.1.tgz. Extracting by manifest.
696 silly tarball no local data for dom-accessibility-api@https://registry.npmjs.org/dom-accessibility-api/-/dom-accessibility-api-0.5.16.tgz. Extracting by manifest.
697 silly tarball no local data for domutils@https://registry.npmjs.org/domutils/-/domutils-2.8.0.tgz. Extracting by manifest.
698 silly tarball no local data for doctrine@https://registry.npmjs.org/doctrine/-/doctrine-3.0.0.tgz. Extracting by manifest.
699 silly tarball no local data for dequal@https://registry.npmjs.org/dequal/-/dequal-2.0.3.tgz. Extracting by manifest.
700 silly tarball no local data for des.js@https://registry.npmjs.org/des.js/-/des.js-1.1.0.tgz. Extracting by manifest.
701 silly tarball no local data for detect-libc@https://registry.npmjs.org/detect-libc/-/detect-libc-2.1.1.tgz. Extracting by manifest.
702 silly tarball no local data for diffie-hellman@https://registry.npmjs.org/diffie-hellman/-/diffie-hellman-5.0.3.tgz. Extracting by manifest.
703 silly tarball no local data for define-properties@https://registry.npmjs.org/define-properties/-/define-properties-1.2.1.tgz. Extracting by manifest.
704 silly tarball no local data for define-lazy-prop@https://registry.npmjs.org/define-lazy-prop/-/define-lazy-prop-2.0.0.tgz. Extracting by manifest.
705 silly tarball no local data for define-data-property@https://registry.npmjs.org/define-data-property/-/define-data-property-1.1.4.tgz. Extracting by manifest.
706 silly tarball no local data for deepmerge@https://registry.npmjs.org/deepmerge/-/deepmerge-4.3.1.tgz. Extracting by manifest.
707 silly tarball no local data for deep-eql@https://registry.npmjs.org/deep-eql/-/deep-eql-5.0.2.tgz. Extracting by manifest.
708 silly tarball no local data for dedent@https://registry.npmjs.org/dedent/-/dedent-0.7.0.tgz. Extracting by manifest.
709 silly tarball no local data for csstype@https://registry.npmjs.org/csstype/-/csstype-3.1.3.tgz. Extracting by manifest.
710 silly tarball no local data for debug@https://registry.npmjs.org/debug/-/debug-4.4.3.tgz. Extracting by manifest.
711 silly tarball no local data for csscolorparser@https://registry.npmjs.org/csscolorparser/-/csscolorparser-1.0.3.tgz. Extracting by manifest.
712 silly tarball no local data for cssesc@https://registry.npmjs.org/cssesc/-/cssesc-3.0.0.tgz. Extracting by manifest.
713 silly tarball no local data for css.escape@https://registry.npmjs.org/css.escape/-/css.escape-1.5.1.tgz. Extracting by manifest.
714 silly tarball no local data for css-what@https://registry.npmjs.org/css-what/-/css-what-6.2.2.tgz. Extracting by manifest.
715 silly tarball no local data for css-loader@https://registry.npmjs.org/css-loader/-/css-loader-7.1.2.tgz. Extracting by manifest.
716 silly tarball no local data for css-select@https://registry.npmjs.org/css-select/-/css-select-4.3.0.tgz. Extracting by manifest.
717 silly tarball no local data for cross-spawn@https://registry.npmjs.org/cross-spawn/-/cross-spawn-7.0.6.tgz. Extracting by manifest.
718 silly tarball no local data for create-hash@https://registry.npmjs.org/create-hash/-/create-hash-1.2.0.tgz. Extracting by manifest.
719 silly tarball no local data for create-ecdh@https://registry.npmjs.org/create-ecdh/-/create-ecdh-4.0.4.tgz. Extracting by manifest.
720 silly tarball no local data for core-util-is@https://registry.npmjs.org/core-util-is/-/core-util-is-1.0.3.tgz. Extracting by manifest.
721 silly tarball no local data for cosmiconfig@https://registry.npmjs.org/cosmiconfig/-/cosmiconfig-7.1.0.tgz. Extracting by manifest.
722 silly tarball no local data for create-hmac@https://registry.npmjs.org/create-hmac/-/create-hmac-1.1.7.tgz. Extracting by manifest.
723 silly tarball no local data for core-js-pure@https://registry.npmjs.org/core-js-pure/-/core-js-pure-3.45.1.tgz. Extracting by manifest.
724 silly tarball no local data for crypto-browserify@https://registry.npmjs.org/crypto-browserify/-/crypto-browserify-3.12.1.tgz. Extracting by manifest.
725 silly tarball no local data for constants-browserify@https://registry.npmjs.org/constants-browserify/-/constants-browserify-1.0.0.tgz. Extracting by manifest.
726 silly tarball no local data for core-js-compat@https://registry.npmjs.org/core-js-compat/-/core-js-compat-3.45.1.tgz. Extracting by manifest.
727 silly tarball no local data for commondir@https://registry.npmjs.org/commondir/-/commondir-1.0.1.tgz. Extracting by manifest.
728 silly tarball no local data for convert-source-map@https://registry.npmjs.org/convert-source-map/-/convert-source-map-2.0.0.tgz. Extracting by manifest.
729 silly tarball no local data for console-browserify@https://registry.npmjs.org/console-browserify/-/console-browserify-1.2.0.tgz. Extracting by manifest.
730 silly tarball no local data for concat-map@https://registry.npmjs.org/concat-map/-/concat-map-0.0.1.tgz. Extracting by manifest.
731 silly tarball no local data for colorette@https://registry.npmjs.org/colorette/-/colorette-2.0.20.tgz. Extracting by manifest.
732 silly tarball no local data for color-name@https://registry.npmjs.org/color-name/-/color-name-1.1.4.tgz. Extracting by manifest.
733 silly tarball no local data for commander@https://registry.npmjs.org/commander/-/commander-8.3.0.tgz. Extracting by manifest.
734 silly tarball no local data for color-convert@https://registry.npmjs.org/color-convert/-/color-convert-2.0.1.tgz. Extracting by manifest.
735 silly tarball no local data for common-path-prefix@https://registry.npmjs.org/common-path-prefix/-/common-path-prefix-3.0.0.tgz. Extracting by manifest.
736 silly tarball no local data for client-only@https://registry.npmjs.org/client-only/-/client-only-0.0.1.tgz. Extracting by manifest.
737 silly tarball no local data for clean-css@https://registry.npmjs.org/clean-css/-/clean-css-5.3.3.tgz. Extracting by manifest.
738 silly tarball no local data for es-object-atoms@https://registry.npmjs.org/es-object-atoms/-/es-object-atoms-1.1.1.tgz. Extracting by manifest.
739 silly tarball no local data for cjs-module-lexer@https://registry.npmjs.org/cjs-module-lexer/-/cjs-module-lexer-1.4.3.tgz. Extracting by manifest.
740 silly tarball no local data for cipher-base@https://registry.npmjs.org/cipher-base/-/cipher-base-1.0.7.tgz. Extracting by manifest.
741 silly tarball no local data for chrome-trace-event@https://registry.npmjs.org/chrome-trace-event/-/chrome-trace-event-1.0.4.tgz. Extracting by manifest.
742 silly tarball no local data for chromatic@https://registry.npmjs.org/chromatic/-/chromatic-12.2.0.tgz. Extracting by manifest.
743 silly tarball no local data for chokidar@https://registry.npmjs.org/chokidar/-/chokidar-3.6.0.tgz. Extracting by manifest.
744 silly tarball no local data for check-error@https://registry.npmjs.org/check-error/-/check-error-2.1.1.tgz. Extracting by manifest.
745 silly tarball no local data for cheap-ruler@https://registry.npmjs.org/cheap-ruler/-/cheap-ruler-4.0.0.tgz. Extracting by manifest.
746 silly tarball no local data for chownr@https://registry.npmjs.org/chownr/-/chownr-3.0.0.tgz. Extracting by manifest.
747 silly tarball no local data for chalk@https://registry.npmjs.org/chalk/-/chalk-4.1.2.tgz. Extracting by manifest.
748 silly tarball no local data for chai@https://registry.npmjs.org/chai/-/chai-5.3.3.tgz. Extracting by manifest.
749 silly tarball no local data for case-sensitive-paths-webpack-plugin@https://registry.npmjs.org/case-sensitive-paths-webpack-plugin/-/case-sensitive-paths-webpack-plugin-2.4.0.tgz. Extracting by manifest.
750 silly tarball no local data for caniuse-lite@https://registry.npmjs.org/caniuse-lite/-/caniuse-lite-1.0.30001748.tgz. Extracting by manifest.
751 silly tarball no local data for camel-case@https://registry.npmjs.org/camel-case/-/camel-case-4.1.2.tgz. Extracting by manifest.
752 silly tarball no local data for call-bound@https://registry.npmjs.org/call-bound/-/call-bound-1.0.4.tgz. Extracting by manifest.
753 silly tarball no local data for callsites@https://registry.npmjs.org/callsites/-/callsites-3.1.0.tgz. Extracting by manifest.
754 silly tarball no local data for call-bind-apply-helpers@https://registry.npmjs.org/call-bind-apply-helpers/-/call-bind-apply-helpers-1.0.2.tgz. Extracting by manifest.
755 silly tarball no local data for builtin-status-codes@https://registry.npmjs.org/builtin-status-codes/-/builtin-status-codes-3.0.0.tgz. Extracting by manifest.
756 silly tarball no local data for cac@https://registry.npmjs.org/cac/-/cac-6.7.14.tgz. Extracting by manifest.
757 silly tarball no local data for buffer-xor@https://registry.npmjs.org/buffer-xor/-/buffer-xor-1.0.3.tgz. Extracting by manifest.
758 silly tarball no local data for browserslist@https://registry.npmjs.org/browserslist/-/browserslist-4.26.3.tgz. Extracting by manifest.
759 silly tarball no local data for buffer@https://registry.npmjs.org/buffer/-/buffer-6.0.3.tgz. Extracting by manifest.
760 silly tarball no local data for buffer-from@https://registry.npmjs.org/buffer-from/-/buffer-from-1.1.2.tgz. Extracting by manifest.
761 silly tarball no local data for browserify-zlib@https://registry.npmjs.org/browserify-zlib/-/browserify-zlib-0.2.0.tgz. Extracting by manifest.
762 silly tarball no local data for browserify-sign@https://registry.npmjs.org/browserify-sign/-/browserify-sign-4.2.5.tgz. Extracting by manifest.
763 silly tarball no local data for browserify-cipher@https://registry.npmjs.org/browserify-cipher/-/browserify-cipher-1.0.1.tgz. Extracting by manifest.
764 silly tarball no local data for browserify-aes@https://registry.npmjs.org/browserify-aes/-/browserify-aes-1.2.0.tgz. Extracting by manifest.
765 silly tarball no local data for browserify-rsa@https://registry.npmjs.org/browserify-rsa/-/browserify-rsa-4.1.1.tgz. Extracting by manifest.
766 silly tarball no local data for braces@https://registry.npmjs.org/braces/-/braces-3.0.3.tgz. Extracting by manifest.
767 silly tarball no local data for browserify-des@https://registry.npmjs.org/browserify-des/-/browserify-des-1.0.2.tgz. Extracting by manifest.
768 silly tarball no local data for brace-expansion@https://registry.npmjs.org/brace-expansion/-/brace-expansion-1.1.12.tgz. Extracting by manifest.
769 silly tarball no local data for brorand@https://registry.npmjs.org/brorand/-/brorand-1.1.0.tgz. Extracting by manifest.
770 silly tarball no local data for boolbase@https://registry.npmjs.org/boolbase/-/boolbase-1.0.0.tgz. Extracting by manifest.
771 silly tarball no local data for big.js@https://registry.npmjs.org/big.js/-/big.js-5.2.2.tgz. Extracting by manifest.
772 silly tarball no local data for better-opn@https://registry.npmjs.org/better-opn/-/better-opn-3.0.2.tgz. Extracting by manifest.
773 silly tarball no local data for baseline-browser-mapping@https://registry.npmjs.org/baseline-browser-mapping/-/baseline-browser-mapping-2.8.13.tgz. Extracting by manifest.
774 silly tarball no local data for call-bind@https://registry.npmjs.org/call-bind/-/call-bind-1.0.8.tgz. Extracting by manifest.
775 silly tarball no local data for balanced-match@https://registry.npmjs.org/balanced-match/-/balanced-match-1.0.2.tgz. Extracting by manifest.
776 silly tarball no local data for babel-plugin-polyfill-regenerator@https://registry.npmjs.org/babel-plugin-polyfill-regenerator/-/babel-plugin-polyfill-regenerator-0.6.5.tgz. Extracting by manifest.
777 silly tarball no local data for base64-js@https://registry.npmjs.org/base64-js/-/base64-js-1.5.1.tgz. Extracting by manifest.
778 silly tarball no local data for babel-plugin-polyfill-corejs3@https://registry.npmjs.org/babel-plugin-polyfill-corejs3/-/babel-plugin-polyfill-corejs3-0.13.0.tgz. Extracting by manifest.
779 silly tarball no local data for binary-extensions@https://registry.npmjs.org/binary-extensions/-/binary-extensions-2.3.0.tgz. Extracting by manifest.
780 silly tarball no local data for bn.js@https://registry.npmjs.org/bn.js/-/bn.js-5.2.2.tgz. Extracting by manifest.
781 silly tarball no local data for axe-core@https://registry.npmjs.org/axe-core/-/axe-core-4.10.3.tgz. Extracting by manifest.
782 silly tarball no local data for babel-plugin-polyfill-corejs2@https://registry.npmjs.org/babel-plugin-polyfill-corejs2/-/babel-plugin-polyfill-corejs2-0.4.14.tgz. Extracting by manifest.
783 silly tarball no local data for available-typed-arrays@https://registry.npmjs.org/available-typed-arrays/-/available-typed-arrays-1.0.7.tgz. Extracting by manifest.
784 silly tarball no local data for autoprefixer@https://registry.npmjs.org/autoprefixer/-/autoprefixer-10.4.21.tgz. Extracting by manifest.
785 silly tarball no local data for ast-v8-to-istanbul@https://registry.npmjs.org/ast-v8-to-istanbul/-/ast-v8-to-istanbul-0.3.5.tgz. Extracting by manifest.
786 silly tarball no local data for ast-types@https://registry.npmjs.org/ast-types/-/ast-types-0.16.1.tgz. Extracting by manifest.
787 silly tarball no local data for assertion-error@https://registry.npmjs.org/assertion-error/-/assertion-error-2.0.1.tgz. Extracting by manifest.
788 silly tarball no local data for assert@https://registry.npmjs.org/assert/-/assert-2.1.0.tgz. Extracting by manifest.
789 silly tarball no local data for asn1.js@https://registry.npmjs.org/asn1.js/-/asn1.js-4.10.1.tgz. Extracting by manifest.
790 silly tarball no local data for aria-query@https://registry.npmjs.org/aria-query/-/aria-query-5.3.0.tgz. Extracting by manifest.
791 silly tarball no local data for argparse@https://registry.npmjs.org/argparse/-/argparse-2.0.1.tgz. Extracting by manifest.
792 silly tarball no local data for ansi-styles@https://registry.npmjs.org/ansi-styles/-/ansi-styles-4.3.0.tgz. Extracting by manifest.
793 silly tarball no local data for anymatch@https://registry.npmjs.org/anymatch/-/anymatch-3.1.3.tgz. Extracting by manifest.
794 silly tarball no local data for ansi-html@https://registry.npmjs.org/ansi-html/-/ansi-html-0.0.9.tgz. Extracting by manifest.
795 silly tarball no local data for ajv-keywords@https://registry.npmjs.org/ajv-keywords/-/ajv-keywords-5.1.0.tgz. Extracting by manifest.
796 silly tarball no local data for babel-loader@https://registry.npmjs.org/babel-loader/-/babel-loader-9.2.1.tgz. Extracting by manifest.
797 silly tarball no local data for ansi-html-community@https://registry.npmjs.org/ansi-html-community/-/ansi-html-community-0.0.8.tgz. Extracting by manifest.
798 silly tarball no local data for ansi-regex@https://registry.npmjs.org/ansi-regex/-/ansi-regex-5.0.1.tgz. Extracting by manifest.
799 silly tarball no local data for ajv-formats@https://registry.npmjs.org/ajv-formats/-/ajv-formats-2.1.1.tgz. Extracting by manifest.
800 silly tarball no local data for acorn-import-phases@https://registry.npmjs.org/acorn-import-phases/-/acorn-import-phases-1.0.4.tgz. Extracting by manifest.
801 silly tarball no local data for adjust-sourcemap-loader@https://registry.npmjs.org/adjust-sourcemap-loader/-/adjust-sourcemap-loader-4.0.0.tgz. Extracting by manifest.
802 silly tarball no local data for acorn@https://registry.npmjs.org/acorn/-/acorn-8.15.0.tgz. Extracting by manifest.
803 silly tarball no local data for ajv@https://registry.npmjs.org/ajv/-/ajv-8.17.1.tgz. Extracting by manifest.
804 silly tarball no local data for @xtuc/long@https://registry.npmjs.org/@xtuc/long/-/long-4.2.2.tgz. Extracting by manifest.
805 silly tarball no local data for @xtuc/ieee754@https://registry.npmjs.org/@xtuc/ieee754/-/ieee754-1.2.0.tgz. Extracting by manifest.
806 silly tarball no local data for @webassemblyjs/wasm-opt@https://registry.npmjs.org/@webassemblyjs/wasm-opt/-/wasm-opt-1.14.1.tgz. Extracting by manifest.
807 silly tarball no local data for @webassemblyjs/wasm-gen@https://registry.npmjs.org/@webassemblyjs/wasm-gen/-/wasm-gen-1.14.1.tgz. Extracting by manifest.
808 silly tarball no local data for @webassemblyjs/wasm-parser@https://registry.npmjs.org/@webassemblyjs/wasm-parser/-/wasm-parser-1.14.1.tgz. Extracting by manifest.
809 silly tarball no local data for @webassemblyjs/wasm-edit@https://registry.npmjs.org/@webassemblyjs/wasm-edit/-/wasm-edit-1.14.1.tgz. Extracting by manifest.
810 silly tarball no local data for @webassemblyjs/wast-printer@https://registry.npmjs.org/@webassemblyjs/wast-printer/-/wast-printer-1.14.1.tgz. Extracting by manifest.
811 silly tarball no local data for @webassemblyjs/leb128@https://registry.npmjs.org/@webassemblyjs/leb128/-/leb128-1.13.2.tgz. Extracting by manifest.
812 silly tarball no local data for @webassemblyjs/ieee754@https://registry.npmjs.org/@webassemblyjs/ieee754/-/ieee754-1.13.2.tgz. Extracting by manifest.
813 silly tarball no local data for abort-controller@https://registry.npmjs.org/abort-controller/-/abort-controller-3.0.0.tgz. Extracting by manifest.
814 silly tarball no local data for @webassemblyjs/helper-buffer@https://registry.npmjs.org/@webassemblyjs/helper-buffer/-/helper-buffer-1.14.1.tgz. Extracting by manifest.
815 silly tarball no local data for @webassemblyjs/helper-wasm-section@https://registry.npmjs.org/@webassemblyjs/helper-wasm-section/-/helper-wasm-section-1.14.1.tgz. Extracting by manifest.
816 silly tarball no local data for @webassemblyjs/helper-numbers@https://registry.npmjs.org/@webassemblyjs/helper-numbers/-/helper-numbers-1.13.2.tgz. Extracting by manifest.
817 silly tarball no local data for @webassemblyjs/helper-api-error@https://registry.npmjs.org/@webassemblyjs/helper-api-error/-/helper-api-error-1.13.2.tgz. Extracting by manifest.
818 silly tarball no local data for @vitest/utils@https://registry.npmjs.org/@vitest/utils/-/utils-3.2.4.tgz. Extracting by manifest.
819 silly tarball no local data for @webassemblyjs/helper-wasm-bytecode@https://registry.npmjs.org/@webassemblyjs/helper-wasm-bytecode/-/helper-wasm-bytecode-1.13.2.tgz. Extracting by manifest.
820 silly tarball no local data for @webassemblyjs/floating-point-hex-parser@https://registry.npmjs.org/@webassemblyjs/floating-point-hex-parser/-/floating-point-hex-parser-1.13.2.tgz. Extracting by manifest.
821 silly tarball no local data for @webassemblyjs/ast@https://registry.npmjs.org/@webassemblyjs/ast/-/ast-1.14.1.tgz. Extracting by manifest.
822 silly tarball no local data for @vitest/runner@https://registry.npmjs.org/@vitest/runner/-/runner-3.2.4.tgz. Extracting by manifest.
823 silly tarball no local data for @webassemblyjs/utf8@https://registry.npmjs.org/@webassemblyjs/utf8/-/utf8-1.13.2.tgz. Extracting by manifest.
824 silly tarball no local data for @vitest/pretty-format@https://registry.npmjs.org/@vitest/pretty-format/-/pretty-format-3.2.4.tgz. Extracting by manifest.
825 silly tarball no local data for @vitest/mocker@https://registry.npmjs.org/@vitest/mocker/-/mocker-3.2.4.tgz. Extracting by manifest.
826 silly tarball no local data for @vitest/snapshot@https://registry.npmjs.org/@vitest/snapshot/-/snapshot-3.2.4.tgz. Extracting by manifest.
827 silly tarball no local data for @vitest/coverage-v8@https://registry.npmjs.org/@vitest/coverage-v8/-/coverage-v8-3.2.4.tgz. Extracting by manifest.
828 silly tarball no local data for @vitest/browser@https://registry.npmjs.org/@vitest/browser/-/browser-3.2.4.tgz. Extracting by manifest.
829 silly tarball no local data for @types/supercluster@https://registry.npmjs.org/@types/supercluster/-/supercluster-7.1.3.tgz. Extracting by manifest.
830 silly tarball no local data for @vitest/expect@https://registry.npmjs.org/@vitest/expect/-/expect-3.2.4.tgz. Extracting by manifest.
831 silly tarball no local data for @types/resolve@https://registry.npmjs.org/@types/resolve/-/resolve-1.20.6.tgz. Extracting by manifest.
832 silly tarball no local data for @types/semver@https://registry.npmjs.org/@types/semver/-/semver-7.7.1.tgz. Extracting by manifest.
833 silly tarball no local data for @types/react-dom@https://registry.npmjs.org/@types/react-dom/-/react-dom-19.1.9.tgz. Extracting by manifest.
834 silly tarball no local data for @types/parse-json@https://registry.npmjs.org/@types/parse-json/-/parse-json-4.0.2.tgz. Extracting by manifest.
835 silly tarball no local data for @vitest/spy@https://registry.npmjs.org/@vitest/spy/-/spy-3.2.4.tgz. Extracting by manifest.
836 silly tarball no local data for @types/react@https://registry.npmjs.org/@types/react/-/react-19.1.14.tgz. Extracting by manifest.
837 silly tarball no local data for @types/node@https://registry.npmjs.org/@types/node/-/node-20.19.17.tgz. Extracting by manifest.
838 silly tarball no local data for @types/mapbox__point-geometry@https://registry.npmjs.org/@types/mapbox__point-geometry/-/mapbox__point-geometry-0.1.4.tgz. Extracting by manifest.
839 silly tarball no local data for @types/json-schema@https://registry.npmjs.org/@types/json-schema/-/json-schema-7.0.15.tgz. Extracting by manifest.
840 silly tarball no local data for @types/geojson-vt@https://registry.npmjs.org/@types/geojson-vt/-/geojson-vt-3.2.5.tgz. Extracting by manifest.
841 silly tarball no local data for @types/geojson@https://registry.npmjs.org/@types/geojson/-/geojson-7946.0.16.tgz. Extracting by manifest.
842 silly tarball no local data for @types/pbf@https://registry.npmjs.org/@types/pbf/-/pbf-3.0.5.tgz. Extracting by manifest.
843 silly tarball no local data for @types/estree@https://registry.npmjs.org/@types/estree/-/estree-1.0.8.tgz. Extracting by manifest.
844 silly tarball no local data for @types/mdx@https://registry.npmjs.org/@types/mdx/-/mdx-2.0.13.tgz. Extracting by manifest.
845 silly tarball no local data for @types/eslint@https://registry.npmjs.org/@types/eslint/-/eslint-9.6.1.tgz. Extracting by manifest.
846 silly tarball no local data for @types/eslint-scope@https://registry.npmjs.org/@types/eslint-scope/-/eslint-scope-3.7.7.tgz. Extracting by manifest.
847 silly tarball no local data for @types/html-minifier-terser@https://registry.npmjs.org/@types/html-minifier-terser/-/html-minifier-terser-6.1.0.tgz. Extracting by manifest.
848 silly tarball no local data for @types/chai@https://registry.npmjs.org/@types/chai/-/chai-5.2.2.tgz. Extracting by manifest.
849 silly tarball no local data for @types/deep-eql@https://registry.npmjs.org/@types/deep-eql/-/deep-eql-4.0.2.tgz. Extracting by manifest.
850 silly tarball no local data for @types/babel__template@https://registry.npmjs.org/@types/babel__template/-/babel__template-7.4.4.tgz. Extracting by manifest.
851 silly tarball no local data for @types/babel__traverse@https://registry.npmjs.org/@types/babel__traverse/-/babel__traverse-7.28.0.tgz. Extracting by manifest.
852 silly tarball no local data for @types/aria-query@https://registry.npmjs.org/@types/aria-query/-/aria-query-5.0.4.tgz. Extracting by manifest.
853 silly tarball no local data for @types/babel__core@https://registry.npmjs.org/@types/babel__core/-/babel__core-7.20.5.tgz. Extracting by manifest.
854 silly tarball no local data for @types/doctrine@https://registry.npmjs.org/@types/doctrine/-/doctrine-0.0.9.tgz. Extracting by manifest.
855 silly tarball no local data for @testing-library/jest-dom@https://registry.npmjs.org/@testing-library/jest-dom/-/jest-dom-6.9.1.tgz. Extracting by manifest.
856 silly tarball no local data for @testing-library/dom@https://registry.npmjs.org/@testing-library/dom/-/dom-10.4.1.tgz. Extracting by manifest.
857 silly tarball no local data for @testing-library/user-event@https://registry.npmjs.org/@testing-library/user-event/-/user-event-14.6.1.tgz. Extracting by manifest.
858 silly tarball no local data for @tailwindcss/oxide@https://registry.npmjs.org/@tailwindcss/oxide/-/oxide-4.1.13.tgz. Extracting by manifest.
859 silly tarball no local data for @swc/helpers@https://registry.npmjs.org/@swc/helpers/-/helpers-0.5.15.tgz. Extracting by manifest.
860 silly tarball no local data for @tailwindcss/postcss@https://registry.npmjs.org/@tailwindcss/postcss/-/postcss-4.1.13.tgz. Extracting by manifest.
861 silly tarball no local data for @tailwindcss/oxide-darwin-arm64@https://registry.npmjs.org/@tailwindcss/oxide-darwin-arm64/-/oxide-darwin-arm64-4.1.13.tgz. Extracting by manifest.
862 silly tarball no local data for @storybook/react-vite@https://registry.npmjs.org/@storybook/react-vite/-/react-vite-9.1.10.tgz. Extracting by manifest.
863 silly tarball no local data for @storybook/react-docgen-typescript-plugin@https://registry.npmjs.org/@storybook/react-docgen-typescript-plugin/-/react-docgen-typescript-plugin-1.0.6--canary.9.0c3f3b7.0.tgz. Extracting by manifest.
864 silly tarball no local data for @tailwindcss/node@https://registry.npmjs.org/@tailwindcss/node/-/node-4.1.13.tgz. Extracting by manifest.
865 silly tarball no local data for @storybook/preset-react-webpack@https://registry.npmjs.org/@storybook/preset-react-webpack/-/preset-react-webpack-9.1.10.tgz. Extracting by manifest.
866 silly tarball no local data for @storybook/nextjs@https://registry.npmjs.org/@storybook/nextjs/-/nextjs-9.1.10.tgz. Extracting by manifest.
867 silly tarball no local data for @storybook/react@https://registry.npmjs.org/@storybook/react/-/react-9.1.10.tgz. Extracting by manifest.
868 silly tarball no local data for @storybook/icons@https://registry.npmjs.org/@storybook/icons/-/icons-1.6.0.tgz. Extracting by manifest.
869 silly tarball no local data for @storybook/nextjs-vite@https://registry.npmjs.org/@storybook/nextjs-vite/-/nextjs-vite-9.1.10.tgz. Extracting by manifest.
870 silly tarball no local data for @storybook/global@https://registry.npmjs.org/@storybook/global/-/global-5.0.0.tgz. Extracting by manifest.
871 silly tarball no local data for @types/babel__generator@https://registry.npmjs.org/@types/babel__generator/-/babel__generator-7.27.0.tgz. Extracting by manifest.
872 silly tarball no local data for @storybook/react-dom-shim@https://registry.npmjs.org/@storybook/react-dom-shim/-/react-dom-shim-9.1.10.tgz. Extracting by manifest.
873 silly tarball no local data for @storybook/builder-vite@https://registry.npmjs.org/@storybook/builder-vite/-/builder-vite-9.1.10.tgz. Extracting by manifest.
874 silly tarball no local data for @storybook/csf-plugin@https://registry.npmjs.org/@storybook/csf-plugin/-/csf-plugin-9.1.10.tgz. Extracting by manifest.
875 silly tarball no local data for @storybook/addon-vitest@https://registry.npmjs.org/@storybook/addon-vitest/-/addon-vitest-9.1.10.tgz. Extracting by manifest.
876 silly tarball no local data for @storybook/addon-docs@https://registry.npmjs.org/@storybook/addon-docs/-/addon-docs-9.1.10.tgz. Extracting by manifest.
877 silly tarball no local data for @storybook/core-webpack@https://registry.npmjs.org/@storybook/core-webpack/-/core-webpack-9.1.10.tgz. Extracting by manifest.
878 silly tarball no local data for @storybook/addon-a11y@https://registry.npmjs.org/@storybook/addon-a11y/-/addon-a11y-9.1.10.tgz. Extracting by manifest.
879 silly tarball no local data for @rollup/rollup-darwin-arm64@https://registry.npmjs.org/@rollup/rollup-darwin-arm64/-/rollup-darwin-arm64-4.52.4.tgz. Extracting by manifest.
880 silly tarball no local data for @rollup/pluginutils@https://registry.npmjs.org/@rollup/pluginutils/-/pluginutils-5.3.0.tgz. Extracting by manifest.
881 silly tarball no local data for @polka/url@https://registry.npmjs.org/@polka/url/-/url-1.0.0-next.29.tgz. Extracting by manifest.
882 silly tarball no local data for @pkgjs/parseargs@https://registry.npmjs.org/@pkgjs/parseargs/-/parseargs-0.11.0.tgz. Extracting by manifest.
883 silly tarball no local data for @next/swc-darwin-arm64@https://registry.npmjs.org/@next/swc-darwin-arm64/-/swc-darwin-arm64-15.5.4.tgz. Extracting by manifest.
884 silly tarball no local data for @storybook/addon-onboarding@https://registry.npmjs.org/@storybook/addon-onboarding/-/addon-onboarding-9.1.10.tgz. Extracting by manifest.
885 silly tarball no local data for @next/env@https://registry.npmjs.org/@next/env/-/env-15.5.4.tgz. Extracting by manifest.
886 silly tarball no local data for @neoconfetti/react@https://registry.npmjs.org/@neoconfetti/react/-/react-1.0.0.tgz. Extracting by manifest.
887 silly tarball no local data for @storybook/builder-webpack5@https://registry.npmjs.org/@storybook/builder-webpack5/-/builder-webpack5-9.1.10.tgz. Extracting by manifest.
888 silly tarball no local data for @mdx-js/react@https://registry.npmjs.org/@mdx-js/react/-/react-3.1.1.tgz. Extracting by manifest.
889 silly tarball no local data for @mapbox/tiny-sdf@https://registry.npmjs.org/@mapbox/tiny-sdf/-/tiny-sdf-2.0.7.tgz. Extracting by manifest.
890 silly tarball no local data for @mapbox/unitbezier@https://registry.npmjs.org/@mapbox/unitbezier/-/unitbezier-0.0.1.tgz. Extracting by manifest.
891 silly tarball no local data for @mapbox/point-geometry@https://registry.npmjs.org/@mapbox/point-geometry/-/point-geometry-1.1.0.tgz. Extracting by manifest.
892 silly tarball no local data for @mapbox/jsonlint-lines-primitives@https://registry.npmjs.org/@mapbox/jsonlint-lines-primitives/-/jsonlint-lines-primitives-2.0.2.tgz. Extracting by manifest.
893 silly tarball no local data for @jridgewell/trace-mapping@https://registry.npmjs.org/@jridgewell/trace-mapping/-/trace-mapping-0.3.31.tgz. Extracting by manifest.
894 silly tarball no local data for @mapbox/whoots-js@https://registry.npmjs.org/@mapbox/whoots-js/-/whoots-js-3.1.0.tgz. Extracting by manifest.
895 silly tarball no local data for @pmmmwh/react-refresh-webpack-plugin@https://registry.npmjs.org/@pmmmwh/react-refresh-webpack-plugin/-/react-refresh-webpack-plugin-0.5.17.tgz. Extracting by manifest.
896 silly tarball no local data for @mapbox/mapbox-gl-supported@https://registry.npmjs.org/@mapbox/mapbox-gl-supported/-/mapbox-gl-supported-3.0.0.tgz. Extracting by manifest.
897 silly tarball no local data for @mapbox/vector-tile@https://registry.npmjs.org/@mapbox/vector-tile/-/vector-tile-2.0.4.tgz. Extracting by manifest.
898 silly tarball no local data for @jridgewell/sourcemap-codec@https://registry.npmjs.org/@jridgewell/sourcemap-codec/-/sourcemap-codec-1.5.5.tgz. Extracting by manifest.
899 silly tarball no local data for @jridgewell/source-map@https://registry.npmjs.org/@jridgewell/source-map/-/source-map-0.3.11.tgz. Extracting by manifest.
900 silly tarball no local data for @istanbuljs/schema@https://registry.npmjs.org/@istanbuljs/schema/-/schema-0.1.3.tgz. Extracting by manifest.
901 silly tarball no local data for @joshwooding/vite-plugin-react-docgen-typescript@https://registry.npmjs.org/@joshwooding/vite-plugin-react-docgen-typescript/-/vite-plugin-react-docgen-typescript-0.6.1.tgz. Extracting by manifest.
902 silly tarball no local data for @isaacs/fs-minipass@https://registry.npmjs.org/@isaacs/fs-minipass/-/fs-minipass-4.0.1.tgz. Extracting by manifest.
903 silly tarball no local data for @jridgewell/gen-mapping@https://registry.npmjs.org/@jridgewell/gen-mapping/-/gen-mapping-0.3.13.tgz. Extracting by manifest.
904 silly tarball no local data for @jridgewell/remapping@https://registry.npmjs.org/@jridgewell/remapping/-/remapping-2.3.5.tgz. Extracting by manifest.
905 silly tarball no local data for @jridgewell/resolve-uri@https://registry.npmjs.org/@jridgewell/resolve-uri/-/resolve-uri-3.1.2.tgz. Extracting by manifest.
906 silly tarball no local data for @esbuild/darwin-arm64@https://registry.npmjs.org/@esbuild/darwin-arm64/-/darwin-arm64-0.25.10.tgz. Extracting by manifest.
907 silly tarball no local data for @isaacs/cliui@https://registry.npmjs.org/@isaacs/cliui/-/cliui-8.0.2.tgz. Extracting by manifest.
908 silly tarball no local data for @img/sharp-darwin-arm64@https://registry.npmjs.org/@img/sharp-darwin-arm64/-/sharp-darwin-arm64-0.34.4.tgz. Extracting by manifest.
909 silly tarball no local data for @emnapi/runtime@https://registry.npmjs.org/@emnapi/runtime/-/runtime-1.5.0.tgz. Extracting by manifest.
910 silly tarball no local data for @img/colour@https://registry.npmjs.org/@img/colour/-/colour-1.0.0.tgz. Extracting by manifest.
911 silly tarball no local data for @img/sharp-libvips-darwin-arm64@https://registry.npmjs.org/@img/sharp-libvips-darwin-arm64/-/sharp-libvips-darwin-arm64-1.2.3.tgz. Extracting by manifest.
912 silly tarball no local data for @bcoe/v8-coverage@https://registry.npmjs.org/@bcoe/v8-coverage/-/v8-coverage-1.0.2.tgz. Extracting by manifest.
913 silly tarball no local data for @chromatic-com/storybook@https://registry.npmjs.org/@chromatic-com/storybook/-/storybook-4.1.1.tgz. Extracting by manifest.
914 silly tarball no local data for @babel/traverse@https://registry.npmjs.org/@babel/traverse/-/traverse-7.28.4.tgz. Extracting by manifest.
915 silly tarball no local data for @babel/types@https://registry.npmjs.org/@babel/types/-/types-7.28.4.tgz. Extracting by manifest.
916 silly tarball no local data for @babel/runtime@https://registry.npmjs.org/@babel/runtime/-/runtime-7.28.4.tgz. Extracting by manifest.
917 silly tarball no local data for @babel/preset-typescript@https://registry.npmjs.org/@babel/preset-typescript/-/preset-typescript-7.27.1.tgz. Extracting by manifest.
918 silly tarball no local data for @babel/preset-react@https://registry.npmjs.org/@babel/preset-react/-/preset-react-7.27.1.tgz. Extracting by manifest.
919 silly tarball no local data for @babel/plugin-transform-unicode-sets-regex@https://registry.npmjs.org/@babel/plugin-transform-unicode-sets-regex/-/plugin-transform-unicode-sets-regex-7.27.1.tgz. Extracting by manifest.
920 silly tarball no local data for @babel/template@https://registry.npmjs.org/@babel/template/-/template-7.27.2.tgz. Extracting by manifest.
921 silly tarball no local data for @babel/plugin-transform-unicode-regex@https://registry.npmjs.org/@babel/plugin-transform-unicode-regex/-/plugin-transform-unicode-regex-7.27.1.tgz. Extracting by manifest.
922 silly tarball no local data for @babel/plugin-transform-unicode-property-regex@https://registry.npmjs.org/@babel/plugin-transform-unicode-property-regex/-/plugin-transform-unicode-property-regex-7.27.1.tgz. Extracting by manifest.
923 silly tarball no local data for @babel/preset-env@https://registry.npmjs.org/@babel/preset-env/-/preset-env-7.28.3.tgz. Extracting by manifest.
924 silly tarball no local data for @babel/plugin-transform-template-literals@https://registry.npmjs.org/@babel/plugin-transform-template-literals/-/plugin-transform-template-literals-7.27.1.tgz. Extracting by manifest.
925 silly tarball no local data for @babel/plugin-transform-sticky-regex@https://registry.npmjs.org/@babel/plugin-transform-sticky-regex/-/plugin-transform-sticky-regex-7.27.1.tgz. Extracting by manifest.
926 silly tarball no local data for @babel/preset-modules@https://registry.npmjs.org/@babel/preset-modules/-/preset-modules-0.1.6-no-external-plugins.tgz. Extracting by manifest.
927 silly tarball no local data for @babel/plugin-transform-typescript@https://registry.npmjs.org/@babel/plugin-transform-typescript/-/plugin-transform-typescript-7.28.0.tgz. Extracting by manifest.
928 silly tarball no local data for @babel/plugin-transform-typeof-symbol@https://registry.npmjs.org/@babel/plugin-transform-typeof-symbol/-/plugin-transform-typeof-symbol-7.27.1.tgz. Extracting by manifest.
929 silly tarball no local data for @babel/plugin-transform-spread@https://registry.npmjs.org/@babel/plugin-transform-spread/-/plugin-transform-spread-7.27.1.tgz. Extracting by manifest.
930 silly tarball no local data for @babel/plugin-transform-shorthand-properties@https://registry.npmjs.org/@babel/plugin-transform-shorthand-properties/-/plugin-transform-shorthand-properties-7.27.1.tgz. Extracting by manifest.
931 silly tarball no local data for @babel/plugin-transform-runtime@https://registry.npmjs.org/@babel/plugin-transform-runtime/-/plugin-transform-runtime-7.28.3.tgz. Extracting by manifest.
932 silly tarball no local data for @babel/plugin-transform-reserved-words@https://registry.npmjs.org/@babel/plugin-transform-reserved-words/-/plugin-transform-reserved-words-7.27.1.tgz. Extracting by manifest.
933 silly tarball no local data for @babel/plugin-transform-regexp-modifiers@https://registry.npmjs.org/@babel/plugin-transform-regexp-modifiers/-/plugin-transform-regexp-modifiers-7.27.1.tgz. Extracting by manifest.
934 silly tarball no local data for @babel/plugin-transform-react-jsx@https://registry.npmjs.org/@babel/plugin-transform-react-jsx/-/plugin-transform-react-jsx-7.27.1.tgz. Extracting by manifest.
935 silly tarball no local data for @babel/plugin-transform-regenerator@https://registry.npmjs.org/@babel/plugin-transform-regenerator/-/plugin-transform-regenerator-7.28.4.tgz. Extracting by manifest.
936 silly tarball no local data for @babel/plugin-transform-react-display-name@https://registry.npmjs.org/@babel/plugin-transform-react-display-name/-/plugin-transform-react-display-name-7.28.0.tgz. Extracting by manifest.
937 silly tarball no local data for @babel/plugin-transform-react-jsx-development@https://registry.npmjs.org/@babel/plugin-transform-react-jsx-development/-/plugin-transform-react-jsx-development-7.27.1.tgz. Extracting by manifest.
938 silly tarball no local data for @babel/plugin-transform-property-literals@https://registry.npmjs.org/@babel/plugin-transform-property-literals/-/plugin-transform-property-literals-7.27.1.tgz. Extracting by manifest.
939 silly tarball no local data for @babel/plugin-transform-react-pure-annotations@https://registry.npmjs.org/@babel/plugin-transform-react-pure-annotations/-/plugin-transform-react-pure-annotations-7.27.1.tgz. Extracting by manifest.
940 silly tarball no local data for @babel/plugin-transform-private-property-in-object@https://registry.npmjs.org/@babel/plugin-transform-private-property-in-object/-/plugin-transform-private-property-in-object-7.27.1.tgz. Extracting by manifest.
941 silly tarball no local data for @babel/plugin-transform-optional-chaining@https://registry.npmjs.org/@babel/plugin-transform-optional-chaining/-/plugin-transform-optional-chaining-7.27.1.tgz. Extracting by manifest.
942 silly tarball no local data for @babel/plugin-transform-parameters@https://registry.npmjs.org/@babel/plugin-transform-parameters/-/plugin-transform-parameters-7.27.7.tgz. Extracting by manifest.
943 silly tarball no local data for @babel/plugin-transform-numeric-separator@https://registry.npmjs.org/@babel/plugin-transform-numeric-separator/-/plugin-transform-numeric-separator-7.27.1.tgz. Extracting by manifest.
944 silly tarball no local data for @babel/plugin-transform-private-methods@https://registry.npmjs.org/@babel/plugin-transform-private-methods/-/plugin-transform-private-methods-7.27.1.tgz. Extracting by manifest.
945 silly tarball no local data for @babel/plugin-transform-object-super@https://registry.npmjs.org/@babel/plugin-transform-object-super/-/plugin-transform-object-super-7.27.1.tgz. Extracting by manifest.
946 silly tarball no local data for @babel/plugin-transform-object-rest-spread@https://registry.npmjs.org/@babel/plugin-transform-object-rest-spread/-/plugin-transform-object-rest-spread-7.28.4.tgz. Extracting by manifest.
947 silly tarball no local data for @babel/plugin-transform-optional-catch-binding@https://registry.npmjs.org/@babel/plugin-transform-optional-catch-binding/-/plugin-transform-optional-catch-binding-7.27.1.tgz. Extracting by manifest.
948 silly tarball no local data for @babel/plugin-transform-modules-umd@https://registry.npmjs.org/@babel/plugin-transform-modules-umd/-/plugin-transform-modules-umd-7.27.1.tgz. Extracting by manifest.
949 silly tarball no local data for @babel/plugin-transform-named-capturing-groups-regex@https://registry.npmjs.org/@babel/plugin-transform-named-capturing-groups-regex/-/plugin-transform-named-capturing-groups-regex-7.27.1.tgz. Extracting by manifest.
950 silly tarball no local data for @babel/plugin-transform-modules-systemjs@https://registry.npmjs.org/@babel/plugin-transform-modules-systemjs/-/plugin-transform-modules-systemjs-7.27.1.tgz. Extracting by manifest.
951 silly tarball no local data for @babel/plugin-transform-modules-amd@https://registry.npmjs.org/@babel/plugin-transform-modules-amd/-/plugin-transform-modules-amd-7.27.1.tgz. Extracting by manifest.
952 silly tarball no local data for @babel/plugin-transform-unicode-escapes@https://registry.npmjs.org/@babel/plugin-transform-unicode-escapes/-/plugin-transform-unicode-escapes-7.27.1.tgz. Extracting by manifest.
953 silly tarball no local data for @babel/plugin-transform-logical-assignment-operators@https://registry.npmjs.org/@babel/plugin-transform-logical-assignment-operators/-/plugin-transform-logical-assignment-operators-7.27.1.tgz. Extracting by manifest.
954 silly tarball no local data for @babel/plugin-transform-nullish-coalescing-operator@https://registry.npmjs.org/@babel/plugin-transform-nullish-coalescing-operator/-/plugin-transform-nullish-coalescing-operator-7.27.1.tgz. Extracting by manifest.
955 silly tarball no local data for @babel/plugin-transform-new-target@https://registry.npmjs.org/@babel/plugin-transform-new-target/-/plugin-transform-new-target-7.27.1.tgz. Extracting by manifest.
956 silly tarball no local data for @babel/plugin-transform-json-strings@https://registry.npmjs.org/@babel/plugin-transform-json-strings/-/plugin-transform-json-strings-7.27.1.tgz. Extracting by manifest.
957 silly tarball no local data for @babel/plugin-transform-literals@https://registry.npmjs.org/@babel/plugin-transform-literals/-/plugin-transform-literals-7.27.1.tgz. Extracting by manifest.
958 silly tarball no local data for @babel/plugin-transform-function-name@https://registry.npmjs.org/@babel/plugin-transform-function-name/-/plugin-transform-function-name-7.27.1.tgz. Extracting by manifest.
959 silly tarball no local data for @babel/plugin-transform-member-expression-literals@https://registry.npmjs.org/@babel/plugin-transform-member-expression-literals/-/plugin-transform-member-expression-literals-7.27.1.tgz. Extracting by manifest.
960 silly tarball no local data for @babel/plugin-transform-modules-commonjs@https://registry.npmjs.org/@babel/plugin-transform-modules-commonjs/-/plugin-transform-modules-commonjs-7.27.1.tgz. Extracting by manifest.
961 silly tarball no local data for @babel/plugin-transform-dynamic-import@https://registry.npmjs.org/@babel/plugin-transform-dynamic-import/-/plugin-transform-dynamic-import-7.27.1.tgz. Extracting by manifest.
962 silly tarball no local data for @babel/plugin-transform-for-of@https://registry.npmjs.org/@babel/plugin-transform-for-of/-/plugin-transform-for-of-7.27.1.tgz. Extracting by manifest.
963 silly tarball no local data for @babel/plugin-transform-exponentiation-operator@https://registry.npmjs.org/@babel/plugin-transform-exponentiation-operator/-/plugin-transform-exponentiation-operator-7.27.1.tgz. Extracting by manifest.
964 silly tarball no local data for @babel/plugin-transform-duplicate-named-capturing-groups-regex@https://registry.npmjs.org/@babel/plugin-transform-duplicate-named-capturing-groups-regex/-/plugin-transform-duplicate-named-capturing-groups-regex-7.27.1.tgz. Extracting by manifest.
965 silly tarball no local data for @babel/plugin-transform-duplicate-keys@https://registry.npmjs.org/@babel/plugin-transform-duplicate-keys/-/plugin-transform-duplicate-keys-7.27.1.tgz. Extracting by manifest.
966 silly tarball no local data for @babel/plugin-transform-dotall-regex@https://registry.npmjs.org/@babel/plugin-transform-dotall-regex/-/plugin-transform-dotall-regex-7.27.1.tgz. Extracting by manifest.
967 silly tarball no local data for @babel/plugin-transform-export-namespace-from@https://registry.npmjs.org/@babel/plugin-transform-export-namespace-from/-/plugin-transform-export-namespace-from-7.27.1.tgz. Extracting by manifest.
968 silly tarball no local data for @babel/plugin-transform-destructuring@https://registry.npmjs.org/@babel/plugin-transform-destructuring/-/plugin-transform-destructuring-7.28.0.tgz. Extracting by manifest.
969 silly tarball no local data for @babel/plugin-transform-class-static-block@https://registry.npmjs.org/@babel/plugin-transform-class-static-block/-/plugin-transform-class-static-block-7.28.3.tgz. Extracting by manifest.
970 silly tarball no local data for @babel/plugin-transform-computed-properties@https://registry.npmjs.org/@babel/plugin-transform-computed-properties/-/plugin-transform-computed-properties-7.27.1.tgz. Extracting by manifest.
971 silly tarball no local data for @babel/plugin-transform-class-properties@https://registry.npmjs.org/@babel/plugin-transform-class-properties/-/plugin-transform-class-properties-7.27.1.tgz. Extracting by manifest.
972 silly tarball no local data for @babel/plugin-transform-block-scoping@https://registry.npmjs.org/@babel/plugin-transform-block-scoping/-/plugin-transform-block-scoping-7.28.4.tgz. Extracting by manifest.
973 silly tarball no local data for @babel/plugin-transform-classes@https://registry.npmjs.org/@babel/plugin-transform-classes/-/plugin-transform-classes-7.28.4.tgz. Extracting by manifest.
974 silly tarball no local data for @babel/plugin-transform-async-to-generator@https://registry.npmjs.org/@babel/plugin-transform-async-to-generator/-/plugin-transform-async-to-generator-7.27.1.tgz. Extracting by manifest.
975 silly tarball no local data for @babel/plugin-transform-block-scoped-functions@https://registry.npmjs.org/@babel/plugin-transform-block-scoped-functions/-/plugin-transform-block-scoped-functions-7.27.1.tgz. Extracting by manifest.
976 silly tarball no local data for @babel/plugin-transform-explicit-resource-management@https://registry.npmjs.org/@babel/plugin-transform-explicit-resource-management/-/plugin-transform-explicit-resource-management-7.28.0.tgz. Extracting by manifest.
977 silly tarball no local data for @babel/plugin-syntax-unicode-sets-regex@https://registry.npmjs.org/@babel/plugin-syntax-unicode-sets-regex/-/plugin-syntax-unicode-sets-regex-7.18.6.tgz. Extracting by manifest.
978 silly tarball no local data for @babel/plugin-syntax-typescript@https://registry.npmjs.org/@babel/plugin-syntax-typescript/-/plugin-syntax-typescript-7.27.1.tgz. Extracting by manifest.
979 silly tarball no local data for @babel/plugin-syntax-import-assertions@https://registry.npmjs.org/@babel/plugin-syntax-import-assertions/-/plugin-syntax-import-assertions-7.27.1.tgz. Extracting by manifest.
980 silly tarball no local data for @babel/plugin-syntax-dynamic-import@https://registry.npmjs.org/@babel/plugin-syntax-dynamic-import/-/plugin-syntax-dynamic-import-7.8.3.tgz. Extracting by manifest.
981 silly tarball no local data for @babel/plugin-syntax-import-attributes@https://registry.npmjs.org/@babel/plugin-syntax-import-attributes/-/plugin-syntax-import-attributes-7.27.1.tgz. Extracting by manifest.
982 silly tarball no local data for @babel/plugin-transform-arrow-functions@https://registry.npmjs.org/@babel/plugin-transform-arrow-functions/-/plugin-transform-arrow-functions-7.27.1.tgz. Extracting by manifest.
983 silly tarball no local data for @babel/plugin-syntax-jsx@https://registry.npmjs.org/@babel/plugin-syntax-jsx/-/plugin-syntax-jsx-7.27.1.tgz. Extracting by manifest.
984 silly tarball no local data for @babel/plugin-syntax-bigint@https://registry.npmjs.org/@babel/plugin-syntax-bigint/-/plugin-syntax-bigint-7.8.3.tgz. Extracting by manifest.
985 silly tarball no local data for @babel/plugin-bugfix-v8-spread-parameters-in-optional-chaining@https://registry.npmjs.org/@babel/plugin-bugfix-v8-spread-parameters-in-optional-chaining/-/plugin-bugfix-v8-spread-parameters-in-optional-chaining-7.27.1.tgz. Extracting by manifest.
986 silly tarball no local data for @babel/plugin-proposal-private-property-in-object@https://registry.npmjs.org/@babel/plugin-proposal-private-property-in-object/-/plugin-proposal-private-property-in-object-7.21.0-placeholder-for-preset-env.2.tgz. Extracting by manifest.
987 silly tarball no local data for @babel/plugin-bugfix-v8-static-class-fields-redefine-readonly@https://registry.npmjs.org/@babel/plugin-bugfix-v8-static-class-fields-redefine-readonly/-/plugin-bugfix-v8-static-class-fields-redefine-readonly-7.28.3.tgz. Extracting by manifest.
988 silly tarball no local data for @babel/plugin-bugfix-firefox-class-in-computed-class-key@https://registry.npmjs.org/@babel/plugin-bugfix-firefox-class-in-computed-class-key/-/plugin-bugfix-firefox-class-in-computed-class-key-7.27.1.tgz. Extracting by manifest.
989 silly tarball no local data for @babel/plugin-transform-async-generator-functions@https://registry.npmjs.org/@babel/plugin-transform-async-generator-functions/-/plugin-transform-async-generator-functions-7.28.0.tgz. Extracting by manifest.
990 silly tarball no local data for @babel/plugin-bugfix-safari-id-destructuring-collision-in-function-expression@https://registry.npmjs.org/@babel/plugin-bugfix-safari-id-destructuring-collision-in-function-expression/-/plugin-bugfix-safari-id-destructuring-collision-in-function-expression-7.27.1.tgz. Extracting by manifest.
991 silly tarball no local data for @babel/plugin-bugfix-safari-class-field-initializer-scope@https://registry.npmjs.org/@babel/plugin-bugfix-safari-class-field-initializer-scope/-/plugin-bugfix-safari-class-field-initializer-scope-7.27.1.tgz. Extracting by manifest.
992 silly tarball no local data for @babel/helpers@https://registry.npmjs.org/@babel/helpers/-/helpers-7.28.4.tgz. Extracting by manifest.
993 silly tarball no local data for @babel/parser@https://registry.npmjs.org/@babel/parser/-/parser-7.28.4.tgz. Extracting by manifest.
994 silly tarball no local data for @babel/helper-validator-identifier@https://registry.npmjs.org/@babel/helper-validator-identifier/-/helper-validator-identifier-7.27.1.tgz. Extracting by manifest.
995 silly tarball no local data for @babel/helper-string-parser@https://registry.npmjs.org/@babel/helper-string-parser/-/helper-string-parser-7.27.1.tgz. Extracting by manifest.
996 silly tarball no local data for @babel/helper-skip-transparent-expression-wrappers@https://registry.npmjs.org/@babel/helper-skip-transparent-expression-wrappers/-/helper-skip-transparent-expression-wrappers-7.27.1.tgz. Extracting by manifest.
997 silly tarball no local data for @babel/helper-validator-option@https://registry.npmjs.org/@babel/helper-validator-option/-/helper-validator-option-7.27.1.tgz. Extracting by manifest.
998 silly tarball no local data for @babel/helper-remap-async-to-generator@https://registry.npmjs.org/@babel/helper-remap-async-to-generator/-/helper-remap-async-to-generator-7.27.1.tgz. Extracting by manifest.
999 silly tarball no local data for @babel/helper-replace-supers@https://registry.npmjs.org/@babel/helper-replace-supers/-/helper-replace-supers-7.27.1.tgz. Extracting by manifest.
1000 silly tarball no local data for @babel/helper-wrap-function@https://registry.npmjs.org/@babel/helper-wrap-function/-/helper-wrap-function-7.28.3.tgz. Extracting by manifest.
1001 silly tarball no local data for @babel/helper-optimise-call-expression@https://registry.npmjs.org/@babel/helper-optimise-call-expression/-/helper-optimise-call-expression-7.27.1.tgz. Extracting by manifest.
1002 silly tarball no local data for @babel/helper-plugin-utils@https://registry.npmjs.org/@babel/helper-plugin-utils/-/helper-plugin-utils-7.27.1.tgz. Extracting by manifest.
1003 silly tarball no local data for @babel/helper-module-transforms@https://registry.npmjs.org/@babel/helper-module-transforms/-/helper-module-transforms-7.28.3.tgz. Extracting by manifest.
1004 silly tarball no local data for @babel/helper-globals@https://registry.npmjs.org/@babel/helper-globals/-/helper-globals-7.28.0.tgz. Extracting by manifest.
1005 silly tarball no local data for @babel/helper-define-polyfill-provider@https://registry.npmjs.org/@babel/helper-define-polyfill-provider/-/helper-define-polyfill-provider-0.6.5.tgz. Extracting by manifest.
1006 silly tarball no local data for @babel/helper-module-imports@https://registry.npmjs.org/@babel/helper-module-imports/-/helper-module-imports-7.27.1.tgz. Extracting by manifest.
1007 silly tarball no local data for @babel/helper-create-regexp-features-plugin@https://registry.npmjs.org/@babel/helper-create-regexp-features-plugin/-/helper-create-regexp-features-plugin-7.27.1.tgz. Extracting by manifest.
1008 silly tarball no local data for @babel/helper-compilation-targets@https://registry.npmjs.org/@babel/helper-compilation-targets/-/helper-compilation-targets-7.27.2.tgz. Extracting by manifest.
1009 silly tarball no local data for @babel/helper-create-class-features-plugin@https://registry.npmjs.org/@babel/helper-create-class-features-plugin/-/helper-create-class-features-plugin-7.28.3.tgz. Extracting by manifest.
1010 silly tarball no local data for @babel/helper-annotate-as-pure@https://registry.npmjs.org/@babel/helper-annotate-as-pure/-/helper-annotate-as-pure-7.27.3.tgz. Extracting by manifest.
1011 silly tarball no local data for @babel/code-frame@https://registry.npmjs.org/@babel/code-frame/-/code-frame-7.27.1.tgz. Extracting by manifest.
1012 silly tarball no local data for @ampproject/remapping@https://registry.npmjs.org/@ampproject/remapping/-/remapping-2.3.0.tgz. Extracting by manifest.
1013 silly tarball no local data for @babel/generator@https://registry.npmjs.org/@babel/generator/-/generator-7.28.3.tgz. Extracting by manifest.
1014 silly tarball no local data for @babel/core@https://registry.npmjs.org/@babel/core/-/core-7.28.4.tgz. Extracting by manifest.
1015 silly tarball no local data for @babel/compat-data@https://registry.npmjs.org/@babel/compat-data/-/compat-data-7.28.4.tgz. Extracting by manifest.
1016 silly tarball no local data for @alloc/quick-lru@https://registry.npmjs.org/@alloc/quick-lru/-/quick-lru-5.2.0.tgz. Extracting by manifest.
1017 silly tarball no local data for @adobe/css-tools@https://registry.npmjs.org/@adobe/css-tools/-/css-tools-4.4.4.tgz. Extracting by manifest.
1018 silly tarball no local data for @babel/helper-member-expression-to-functions@https://registry.npmjs.org/@babel/helper-member-expression-to-functions/-/helper-member-expression-to-functions-7.27.1.tgz. Extracting by manifest.
1019 silly tarball no local data for string-width@https://registry.npmjs.org/string-width/-/string-width-4.2.3.tgz. Extracting by manifest.
1020 silly tarball no local data for strip-ansi@https://registry.npmjs.org/strip-ansi/-/strip-ansi-6.0.1.tgz. Extracting by manifest.
1021 silly tarball no local data for strip-ansi@https://registry.npmjs.org/strip-ansi/-/strip-ansi-6.0.1.tgz. Extracting by manifest.
1022 silly tarball no local data for picomatch@https://registry.npmjs.org/picomatch/-/picomatch-4.0.3.tgz. Extracting by manifest.
1023 silly tarball no local data for ansi-styles@https://registry.npmjs.org/ansi-styles/-/ansi-styles-6.2.3.tgz. Extracting by manifest.
1024 silly tarball no local data for picomatch@https://registry.npmjs.org/picomatch/-/picomatch-4.0.3.tgz. Extracting by manifest.
1025 silly tarball no local data for fdir@https://registry.npmjs.org/fdir/-/fdir-6.5.0.tgz. Extracting by manifest.
1026 silly tarball no local data for picomatch@https://registry.npmjs.org/picomatch/-/picomatch-4.0.3.tgz. Extracting by manifest.
1027 silly tarball no local data for brace-expansion@https://registry.npmjs.org/brace-expansion/-/brace-expansion-2.0.2.tgz. Extracting by manifest.
1028 silly tarball no local data for glob@https://registry.npmjs.org/glob/-/glob-10.4.5.tgz. Extracting by manifest.
1029 silly tarball no local data for js-tokens@https://registry.npmjs.org/js-tokens/-/js-tokens-9.0.1.tgz. Extracting by manifest.
1030 silly tarball no local data for commander@https://registry.npmjs.org/commander/-/commander-2.20.3.tgz. Extracting by manifest.
1031 silly tarball no local data for fdir@https://registry.npmjs.org/fdir/-/fdir-6.5.0.tgz. Extracting by manifest.
1032 silly tarball no local data for punycode@https://registry.npmjs.org/punycode/-/punycode-1.4.1.tgz. Extracting by manifest.
1033 silly tarball no local data for minimatch@https://registry.npmjs.org/minimatch/-/minimatch-9.0.5.tgz. Extracting by manifest.
1034 silly tarball no local data for strip-ansi@https://registry.npmjs.org/strip-ansi/-/strip-ansi-6.0.1.tgz. Extracting by manifest.
1035 silly tarball no local data for emoji-regex@https://registry.npmjs.org/emoji-regex/-/emoji-regex-8.0.0.tgz. Extracting by manifest.
1036 silly tarball no local data for readable-stream@https://registry.npmjs.org/readable-stream/-/readable-stream-3.6.2.tgz. Extracting by manifest.
1037 silly tarball no local data for readable-stream@https://registry.npmjs.org/readable-stream/-/readable-stream-3.6.2.tgz. Extracting by manifest.
1038 silly tarball no local data for string_decoder@https://registry.npmjs.org/string_decoder/-/string_decoder-1.1.1.tgz. Extracting by manifest.
1039 silly tarball no local data for emoji-regex@https://registry.npmjs.org/emoji-regex/-/emoji-regex-8.0.0.tgz. Extracting by manifest.
1040 silly tarball no local data for readable-stream@https://registry.npmjs.org/readable-stream/-/readable-stream-2.3.8.tgz. Extracting by manifest.
1041 silly tarball no local data for hash-base@https://registry.npmjs.org/hash-base/-/hash-base-3.1.2.tgz. Extracting by manifest.
1042 silly tarball no local data for source-map@https://registry.npmjs.org/source-map/-/source-map-0.6.1.tgz. Extracting by manifest.
1043 silly tarball no local data for source-map@https://registry.npmjs.org/source-map/-/source-map-0.6.1.tgz. Extracting by manifest.
1044 silly tarball no local data for isarray@https://registry.npmjs.org/isarray/-/isarray-1.0.0.tgz. Extracting by manifest.
1045 silly tarball no local data for strip-ansi@https://registry.npmjs.org/strip-ansi/-/strip-ansi-6.0.1.tgz. Extracting by manifest.
1046 silly tarball no local data for loader-utils@https://registry.npmjs.org/loader-utils/-/loader-utils-2.0.4.tgz. Extracting by manifest.
1047 silly tarball no local data for convert-source-map@https://registry.npmjs.org/convert-source-map/-/convert-source-map-1.9.0.tgz. Extracting by manifest.
1048 silly tarball no local data for strip-indent@https://registry.npmjs.org/strip-indent/-/strip-indent-3.0.0.tgz. Extracting by manifest.
1049 silly tarball no local data for source-map@https://registry.npmjs.org/source-map/-/source-map-0.6.1.tgz. Extracting by manifest.
1050 silly tarball no local data for ansi-regex@https://registry.npmjs.org/ansi-regex/-/ansi-regex-6.2.2.tgz. Extracting by manifest.
1051 silly tarball no local data for safe-buffer@https://registry.npmjs.org/safe-buffer/-/safe-buffer-5.1.2.tgz. Extracting by manifest.
1052 silly tarball no local data for fsevents@https://registry.npmjs.org/fsevents/-/fsevents-2.3.2.tgz. Extracting by manifest.
1053 silly tarball no local data for safe-buffer@https://registry.npmjs.org/safe-buffer/-/safe-buffer-5.1.2.tgz. Extracting by manifest.
1054 silly tarball no local data for ansi-styles@https://registry.npmjs.org/ansi-styles/-/ansi-styles-5.2.0.tgz. Extracting by manifest.
1055 silly tarball no local data for path-exists@https://registry.npmjs.org/path-exists/-/path-exists-4.0.0.tgz. Extracting by manifest.
1056 silly tarball no local data for locate-path@https://registry.npmjs.org/locate-path/-/locate-path-5.0.0.tgz. Extracting by manifest.
1057 silly tarball no local data for cosmiconfig@https://registry.npmjs.org/cosmiconfig/-/cosmiconfig-9.0.0.tgz. Extracting by manifest.
1058 silly tarball no local data for p-locate@https://registry.npmjs.org/p-locate/-/p-locate-4.1.0.tgz. Extracting by manifest.
1059 silly tarball no local data for bn.js@https://registry.npmjs.org/bn.js/-/bn.js-4.12.2.tgz. Extracting by manifest.
1060 silly tarball no local data for p-limit@https://registry.npmjs.org/p-limit/-/p-limit-2.3.0.tgz. Extracting by manifest.
1061 silly tarball no local data for lru-cache@https://registry.npmjs.org/lru-cache/-/lru-cache-10.4.3.tgz. Extracting by manifest.
1062 silly tarball no local data for postcss@https://registry.npmjs.org/postcss/-/postcss-8.4.31.tgz. Extracting by manifest.
1063 silly tarball no local data for bn.js@https://registry.npmjs.org/bn.js/-/bn.js-4.12.2.tgz. Extracting by manifest.
1064 silly tarball no local data for yallist@https://registry.npmjs.org/yallist/-/yallist-3.1.1.tgz. Extracting by manifest.
1065 silly tarball no local data for make-dir@https://registry.npmjs.org/make-dir/-/make-dir-4.0.0.tgz. Extracting by manifest.
1066 silly tarball no local data for semver@https://registry.npmjs.org/semver/-/semver-6.3.1.tgz. Extracting by manifest.
1067 silly tarball no local data for supports-color@https://registry.npmjs.org/supports-color/-/supports-color-8.1.1.tgz. Extracting by manifest.
1068 silly tarball no local data for tinyqueue@https://registry.npmjs.org/tinyqueue/-/tinyqueue-1.2.3.tgz. Extracting by manifest.
1069 silly tarball no local data for ajv@https://registry.npmjs.org/ajv/-/ajv-6.12.6.tgz. Extracting by manifest.
1070 silly tarball no local data for json-schema-traverse@https://registry.npmjs.org/json-schema-traverse/-/json-schema-traverse-0.4.1.tgz. Extracting by manifest.
1071 silly tarball no local data for estraverse@https://registry.npmjs.org/estraverse/-/estraverse-5.3.0.tgz. Extracting by manifest.
1072 silly tarball no local data for schema-utils@https://registry.npmjs.org/schema-utils/-/schema-utils-3.3.0.tgz. Extracting by manifest.
1073 silly tarball no local data for bn.js@https://registry.npmjs.org/bn.js/-/bn.js-4.12.2.tgz. Extracting by manifest.
1074 silly tarball no local data for bn.js@https://registry.npmjs.org/bn.js/-/bn.js-4.12.2.tgz. Extracting by manifest.
1075 silly tarball no local data for bn.js@https://registry.npmjs.org/bn.js/-/bn.js-4.12.2.tgz. Extracting by manifest.
1076 silly tarball no local data for ajv-keywords@https://registry.npmjs.org/ajv-keywords/-/ajv-keywords-3.5.2.tgz. Extracting by manifest.
1077 silly tarball no local data for yaml@https://registry.npmjs.org/yaml/-/yaml-1.10.2.tgz. Extracting by manifest.
1078 silly tarball no local data for source-map@https://registry.npmjs.org/source-map/-/source-map-0.6.1.tgz. Extracting by manifest.
1079 silly tarball no local data for string_decoder@https://registry.npmjs.org/string_decoder/-/string_decoder-1.1.1.tgz. Extracting by manifest.
1080 silly tarball no local data for safe-buffer@https://registry.npmjs.org/safe-buffer/-/safe-buffer-5.1.2.tgz. Extracting by manifest.
1081 silly tarball no local data for readable-stream@https://registry.npmjs.org/readable-stream/-/readable-stream-2.3.8.tgz. Extracting by manifest.
1082 silly tarball no local data for isarray@https://registry.npmjs.org/isarray/-/isarray-1.0.0.tgz. Extracting by manifest.
1083 silly tarball no local data for semver@https://registry.npmjs.org/semver/-/semver-6.3.1.tgz. Extracting by manifest.
1084 silly tarball no local data for safe-buffer@https://registry.npmjs.org/safe-buffer/-/safe-buffer-5.1.2.tgz. Extracting by manifest.
1085 silly tarball no local data for find-up@https://registry.npmjs.org/find-up/-/find-up-6.3.0.tgz. Extracting by manifest.
1086 silly tarball no local data for find-cache-dir@https://registry.npmjs.org/find-cache-dir/-/find-cache-dir-4.0.0.tgz. Extracting by manifest.
1087 silly tarball no local data for bn.js@https://registry.npmjs.org/bn.js/-/bn.js-4.12.2.tgz. Extracting by manifest.
1088 silly tarball no local data for pkg-dir@https://registry.npmjs.org/pkg-dir/-/pkg-dir-7.0.0.tgz. Extracting by manifest.
1089 silly tarball no local data for react-docgen@https://registry.npmjs.org/react-docgen/-/react-docgen-8.0.1.tgz. Extracting by manifest.
1090 silly tarball no local data for loader-utils@https://registry.npmjs.org/loader-utils/-/loader-utils-2.0.4.tgz. Extracting by manifest.
1091 silly tarball no local data for style-loader@https://registry.npmjs.org/style-loader/-/style-loader-3.3.4.tgz. Extracting by manifest.
1092 silly tarball no local data for css-loader@https://registry.npmjs.org/css-loader/-/css-loader-6.11.0.tgz. Extracting by manifest.
1093 silly tarball no local data for js-tokens@https://registry.npmjs.org/js-tokens/-/js-tokens-9.0.1.tgz. Extracting by manifest.
1094 silly tarball no local data for picomatch@https://registry.npmjs.org/picomatch/-/picomatch-4.0.3.tgz. Extracting by manifest.
1095 silly tarball no local data for style-loader@https://registry.npmjs.org/style-loader/-/style-loader-3.3.4.tgz. Extracting by manifest.
1096 silly tarball no local data for estree-walker@https://registry.npmjs.org/estree-walker/-/estree-walker-2.0.2.tgz. Extracting by manifest.
1097 silly tarball no local data for dom-accessibility-api@https://registry.npmjs.org/dom-accessibility-api/-/dom-accessibility-api-0.6.3.tgz. Extracting by manifest.
1098 silly tarball no local data for glob@https://registry.npmjs.org/glob/-/glob-10.4.5.tgz. Extracting by manifest.
1099 silly tarball no local data for brace-expansion@https://registry.npmjs.org/brace-expansion/-/brace-expansion-2.0.2.tgz. Extracting by manifest.
1100 silly tarball no local data for semver@https://registry.npmjs.org/semver/-/semver-6.3.1.tgz. Extracting by manifest.
1101 silly tarball no local data for semver@https://registry.npmjs.org/semver/-/semver-6.3.1.tgz. Extracting by manifest.
1102 silly tarball no local data for minimatch@https://registry.npmjs.org/minimatch/-/minimatch-9.0.5.tgz. Extracting by manifest.
1103 silly tarball no local data for loader-utils@https://registry.npmjs.org/loader-utils/-/loader-utils-2.0.4.tgz. Extracting by manifest.
1104 silly tarball no local data for semver@https://registry.npmjs.org/semver/-/semver-6.3.1.tgz. Extracting by manifest.
1105 silly tarball no local data for find-up@https://registry.npmjs.org/find-up/-/find-up-4.1.0.tgz. Extracting by manifest.
1106 silly tarball no local data for css-loader@https://registry.npmjs.org/css-loader/-/css-loader-6.11.0.tgz. Extracting by manifest.
1107 silly tarball no local data for semver@https://registry.npmjs.org/semver/-/semver-6.3.1.tgz. Extracting by manifest.
1108 silly tarball no local data for semver@https://registry.npmjs.org/semver/-/semver-6.3.1.tgz. Extracting by manifest.
1109 silly tarball no local data for semver@https://registry.npmjs.org/semver/-/semver-6.3.1.tgz. Extracting by manifest.
1110 http fetch GET 200 https://registry.npmjs.org/yocto-queue/-/yocto-queue-1.2.1.tgz 502ms (cache miss)
1111 timing reifyNode:node_modules/yocto-queue Completed in 641ms
1112 http fetch GET 200 https://registry.npmjs.org/npm 973ms (cache miss)
1113 http fetch GET 200 https://registry.npmjs.org/wrap-ansi/-/wrap-ansi-7.0.0.tgz 611ms (cache miss)
1114 timing reifyNode:node_modules/wrap-ansi-cjs Completed in 754ms
1115 http fetch GET 200 https://registry.npmjs.org/why-is-node-running/-/why-is-node-running-2.3.0.tgz 609ms (cache miss)
1116 timing reifyNode:node_modules/why-is-node-running Completed in 752ms
1117 http fetch GET 200 https://registry.npmjs.org/wrappy/-/wrappy-1.0.2.tgz 617ms (cache miss)
1118 timing reifyNode:node_modules/wrappy Completed in 759ms
1119 http fetch GET 200 https://registry.npmjs.org/which/-/which-2.0.2.tgz 629ms (cache miss)
1120 timing reifyNode:node_modules/which Completed in 770ms
1121 http fetch GET 200 https://registry.npmjs.org/wrap-ansi/-/wrap-ansi-8.1.0.tgz 630ms (cache miss)
1122 timing reifyNode:node_modules/wrap-ansi Completed in 771ms
1123 http fetch GET 200 https://registry.npmjs.org/xtend/-/xtend-4.0.2.tgz 635ms (cache miss)
1124 timing reifyNode:node_modules/xtend Completed in 779ms
1125 http fetch GET 200 https://registry.npmjs.org/which-typed-array/-/which-typed-array-1.1.19.tgz 641ms (cache miss)
1126 timing reifyNode:node_modules/which-typed-array Completed in 782ms
1127 http fetch GET 200 https://registry.npmjs.org/webpack-hot-middleware/-/webpack-hot-middleware-2.26.1.tgz 647ms (cache miss)
1128 timing reifyNode:node_modules/webpack-hot-middleware Completed in 790ms
1129 http fetch GET 200 https://registry.npmjs.org/yallist/-/yallist-5.0.0.tgz 659ms (cache miss)
1130 timing reifyNode:node_modules/yallist Completed in 798ms
1131 http fetch GET 200 https://registry.npmjs.org/webpack-virtual-modules/-/webpack-virtual-modules-0.6.2.tgz 664ms (cache miss)
1132 timing reifyNode:node_modules/webpack-virtual-modules Completed in 807ms
1133 http fetch GET 200 https://registry.npmjs.org/webpack-dev-middleware/-/webpack-dev-middleware-6.1.3.tgz 670ms (cache miss)
1134 timing reifyNode:node_modules/webpack-dev-middleware Completed in 814ms
1135 http fetch GET 200 https://registry.npmjs.org/utila/-/utila-0.4.0.tgz 675ms (cache miss)
1136 timing reifyNode:node_modules/utila Completed in 827ms
1137 http fetch GET 200 https://registry.npmjs.org/ws/-/ws-8.18.3.tgz 693ms (cache miss)
1138 timing reifyNode:node_modules/ws Completed in 836ms
1139 http fetch GET 200 https://registry.npmjs.org/webpack-sources/-/webpack-sources-3.3.3.tgz 700ms (cache miss)
1140 timing reifyNode:node_modules/webpack-sources Completed in 842ms
1141 http fetch GET 200 https://registry.npmjs.org/vm-browserify/-/vm-browserify-1.1.2.tgz 701ms (cache miss)
1142 timing reifyNode:node_modules/vm-browserify Completed in 845ms
1143 http fetch GET 200 https://registry.npmjs.org/watchpack/-/watchpack-2.4.4.tgz 706ms (cache miss)
1144 timing reifyNode:node_modules/watchpack Completed in 850ms
1145 http fetch GET 200 https://registry.npmjs.org/util-deprecate/-/util-deprecate-1.0.2.tgz 705ms (cache miss)
1146 timing reifyNode:node_modules/util-deprecate Completed in 851ms
1147 http fetch GET 200 https://registry.npmjs.org/universalify/-/universalify-2.0.1.tgz 701ms (cache miss)
1148 timing reifyNode:node_modules/universalify Completed in 851ms
1149 http fetch GET 200 https://registry.npmjs.org/unicode-match-property-value-ecmascript/-/unicode-match-property-value-ecmascript-2.2.1.tgz 705ms (cache miss)
1150 timing reifyNode:node_modules/unicode-match-property-value-ecmascript Completed in 856ms
1151 http fetch GET 200 https://registry.npmjs.org/vite-tsconfig-paths/-/vite-tsconfig-paths-5.1.4.tgz 713ms (cache miss)
1152 timing reifyNode:node_modules/vite-tsconfig-paths Completed in 858ms
1153 http fetch GET 200 https://registry.npmjs.org/unicode-property-aliases-ecmascript/-/unicode-property-aliases-ecmascript-2.2.0.tgz 708ms (cache miss)
1154 timing reifyNode:node_modules/unicode-property-aliases-ecmascript Completed in 858ms
1155 http fetch GET 200 https://registry.npmjs.org/unicode-match-property-ecmascript/-/unicode-match-property-ecmascript-2.0.0.tgz 707ms (cache miss)
1156 timing reifyNode:node_modules/unicode-match-property-ecmascript Completed in 859ms
1157 http fetch GET 200 https://registry.npmjs.org/unicode-canonical-property-names-ecmascript/-/unicode-canonical-property-names-ecmascript-2.0.1.tgz 706ms (cache miss)
1158 timing reifyNode:node_modules/unicode-canonical-property-names-ecmascript Completed in 860ms
1159 http fetch GET 200 https://registry.npmjs.org/update-browserslist-db/-/update-browserslist-db-1.1.3.tgz 712ms (cache miss)
1160 timing reifyNode:node_modules/update-browserslist-db Completed in 860ms
1161 http fetch GET 200 https://registry.npmjs.org/url/-/url-0.11.4.tgz 726ms (cache miss)
1162 timing reifyNode:node_modules/url Completed in 876ms
1163 http fetch GET 200 https://registry.npmjs.org/unplugin/-/unplugin-1.16.1.tgz 762ms (cache miss)
1164 timing reifyNode:node_modules/unplugin Completed in 915ms
1165 http fetch GET 200 https://registry.npmjs.org/unicorn-magic/-/unicorn-magic-0.1.0.tgz 778ms (cache miss)
1166 timing reifyNode:node_modules/unicorn-magic Completed in 933ms
1167 http fetch GET 200 https://registry.npmjs.org/totalist/-/totalist-3.0.1.tgz 779ms (cache miss)
1168 timing reifyNode:node_modules/totalist Completed in 934ms
1169 http fetch GET 200 https://registry.npmjs.org/tinyspy/-/tinyspy-4.0.4.tgz 788ms (cache miss)
1170 timing reifyNode:node_modules/tinyspy Completed in 943ms
1171 http fetch GET 200 https://registry.npmjs.org/ts-dedent/-/ts-dedent-2.2.0.tgz 807ms (cache miss)
1172 http fetch GET 200 https://registry.npmjs.org/tty-browserify/-/tty-browserify-0.0.1.tgz 822ms (cache miss)
1173 timing reifyNode:node_modules/tty-browserify Completed in 977ms
1174 http fetch GET 200 https://registry.npmjs.org/tinyrainbow/-/tinyrainbow-2.0.0.tgz 816ms (cache miss)
1175 timing reifyNode:node_modules/tinyrainbow Completed in 978ms
1176 timing reifyNode:node_modules/ts-dedent Completed in 986ms
1177 http fetch GET 200 https://registry.npmjs.org/typed-array-buffer/-/typed-array-buffer-1.0.3.tgz 841ms (cache miss)
1178 timing reifyNode:node_modules/typed-array-buffer Completed in 997ms
1179 http fetch GET 200 https://registry.npmjs.org/to-regex-range/-/to-regex-range-5.0.1.tgz 849ms (cache miss)
1180 timing reifyNode:node_modules/to-regex-range Completed in 1014ms
1181 http fetch GET 200 https://registry.npmjs.org/to-buffer/-/to-buffer-1.2.2.tgz 856ms (cache miss)
1182 timing reifyNode:node_modules/to-buffer Completed in 1017ms
1183 http fetch GET 200 https://registry.npmjs.org/vite-node/-/vite-node-3.2.4.tgz 904ms (cache miss)
1184 http fetch GET 200 https://registry.npmjs.org/util/-/util-0.12.5.tgz 925ms (cache miss)
1185 timing reifyNode:node_modules/util Completed in 1078ms
1186 timing reifyNode:node_modules/vite-node Completed in 1079ms
1187 http fetch GET 200 https://registry.npmjs.org/tinyqueue/-/tinyqueue-3.0.0.tgz 938ms (cache miss)
1188 timing reifyNode:node_modules/tinyqueue Completed in 1101ms
1189 http fetch GET 200 https://registry.npmjs.org/tiny-invariant/-/tiny-invariant-1.3.3.tgz 939ms (cache miss)
1190 timing reifyNode:node_modules/tiny-invariant Completed in 1105ms
1191 http fetch GET 200 https://registry.npmjs.org/tinybench/-/tinybench-2.9.0.tgz 945ms (cache miss)
1192 timing reifyNode:node_modules/tinybench Completed in 1107ms
1193 http fetch GET 200 https://registry.npmjs.org/tslib/-/tslib-2.8.1.tgz 957ms (cache miss)
1194 timing reifyNode:node_modules/tslib Completed in 1110ms
1195 http fetch GET 200 https://registry.npmjs.org/test-exclude/-/test-exclude-7.0.1.tgz 949ms (cache miss)
1196 timing reifyNode:node_modules/test-exclude Completed in 1112ms
1197 http fetch GET 200 https://registry.npmjs.org/tinyglobby/-/tinyglobby-0.2.15.tgz 951ms (cache miss)
1198 timing reifyNode:node_modules/tinyglobby Completed in 1113ms
1199 http fetch GET 200 https://registry.npmjs.org/tsconfck/-/tsconfck-3.1.6.tgz 964ms (cache miss)
1200 timing reifyNode:node_modules/tsconfck Completed in 1117ms
1201 http fetch GET 200 https://registry.npmjs.org/supercluster/-/supercluster-8.0.1.tgz 952ms (cache miss)
1202 timing reifyNode:node_modules/supercluster Completed in 1116ms
1203 http fetch GET 200 https://registry.npmjs.org/terser-webpack-plugin/-/terser-webpack-plugin-5.3.14.tgz 957ms (cache miss)
1204 timing reifyNode:node_modules/terser-webpack-plugin Completed in 1120ms
1205 http fetch GET 200 https://registry.npmjs.org/timers-browserify/-/timers-browserify-2.0.12.tgz 957ms (cache miss)
1206 timing reifyNode:node_modules/timers-browserify Completed in 1121ms
1207 http fetch GET 200 https://registry.npmjs.org/strip-bom/-/strip-bom-3.0.0.tgz 959ms (cache miss)
1208 timing reifyNode:node_modules/strip-bom Completed in 1124ms
1209 http fetch GET 200 https://registry.npmjs.org/strip-literal/-/strip-literal-3.1.0.tgz 961ms (cache miss)
1210 timing reifyNode:node_modules/strip-literal Completed in 1126ms
1211 http fetch GET 200 https://registry.npmjs.org/supports-preserve-symlinks-flag/-/supports-preserve-symlinks-flag-1.0.0.tgz 962ms (cache miss)
1212 timing reifyNode:node_modules/supports-preserve-symlinks-flag Completed in 1128ms
1213 http fetch GET 200 https://registry.npmjs.org/tinyexec/-/tinyexec-0.3.2.tgz 970ms (cache miss)
1214 timing reifyNode:node_modules/tinyexec Completed in 1132ms
1215 http fetch GET 200 https://registry.npmjs.org/string-width/-/string-width-5.1.2.tgz 968ms (cache miss)
1216 timing reifyNode:node_modules/string-width Completed in 1134ms
1217 http fetch GET 200 https://registry.npmjs.org/string-width/-/string-width-4.2.3.tgz 968ms (cache miss)
1218 timing reifyNode:node_modules/string-width-cjs Completed in 1135ms
1219 http fetch GET 200 https://registry.npmjs.org/undici-types/-/undici-types-6.21.0.tgz 990ms (cache miss)
1220 http fetch GET 200 https://registry.npmjs.org/strip-indent/-/strip-indent-4.1.0.tgz 971ms (cache miss)
1221 timing reifyNode:node_modules/strip-indent Completed in 1138ms
1222 http fetch GET 200 https://registry.npmjs.org/supports-color/-/supports-color-7.2.0.tgz 974ms (cache miss)
1223 timing reifyNode:node_modules/supports-color Completed in 1139ms
1224 http fetch GET 200 https://registry.npmjs.org/tinypool/-/tinypool-1.1.1.tgz 987ms (cache miss)
1225 timing reifyNode:node_modules/tinypool Completed in 1149ms
1226 timing reifyNode:node_modules/undici-types Completed in 1155ms
1227 http fetch GET 200 https://registry.npmjs.org/tapable/-/tapable-2.3.0.tgz 994ms (cache miss)
1228 timing reifyNode:node_modules/tapable Completed in 1167ms
1229 http fetch GET 200 https://registry.npmjs.org/strip-ansi/-/strip-ansi-7.1.2.tgz 1014ms (cache miss)
1230 timing reifyNode:node_modules/strip-ansi Completed in 1181ms
1231 http fetch GET 200 https://registry.npmjs.org/stream-browserify/-/stream-browserify-3.0.0.tgz 1013ms (cache miss)
1232 http fetch GET 200 https://registry.npmjs.org/uri-js/-/uri-js-4.4.1.tgz 1038ms (cache miss)
1233 http fetch GET 200 https://registry.npmjs.org/type-fest/-/type-fest-2.19.0.tgz 1033ms (cache miss)
1234 timing reifyNode:node_modules/type-fest Completed in 1184ms
1235 http fetch GET 200 https://registry.npmjs.org/strip-ansi/-/strip-ansi-6.0.1.tgz 1017ms (cache miss)
1236 timing reifyNode:node_modules/strip-ansi-cjs Completed in 1184ms
1237 timing reifyNode:node_modules/stream-browserify Completed in 1184ms
1238 timing reifyNode:node_modules/uri-js Completed in 1191ms
1239 http fetch GET 200 https://registry.npmjs.org/style-loader/-/style-loader-4.0.0.tgz 1024ms (cache miss)
1240 timing reifyNode:node_modules/style-loader Completed in 1189ms
1241 http fetch GET 200 https://registry.npmjs.org/vite-plugin-storybook-nextjs/-/vite-plugin-storybook-nextjs-2.0.8.tgz 1064ms (cache miss)
1242 timing reifyNode:node_modules/vite-plugin-storybook-nextjs Completed in 1213ms
1243 http fetch GET 200 https://registry.npmjs.org/tsconfig-paths/-/tsconfig-paths-4.2.0.tgz 1067ms (cache miss)
1244 timing reifyNode:node_modules/tsconfig-paths Completed in 1228ms
1245 http fetch GET 200 https://registry.npmjs.org/source-map-js/-/source-map-js-1.2.1.tgz 1055ms (cache miss)
1246 timing reifyNode:node_modules/source-map-js Completed in 1230ms
1247 http fetch GET 200 https://registry.npmjs.org/stackback/-/stackback-0.0.2.tgz 1069ms (cache miss)
1248 timing reifyNode:node_modules/stackback Completed in 1237ms
1249 http fetch GET 200 https://registry.npmjs.org/tsconfig-paths-webpack-plugin/-/tsconfig-paths-webpack-plugin-4.2.0.tgz 1075ms (cache miss)
1250 http fetch GET 200 https://registry.npmjs.org/sirv/-/sirv-3.0.2.tgz 1069ms (cache miss)
1251 timing reifyNode:node_modules/sirv Completed in 1240ms
1252 timing reifyNode:node_modules/tsconfig-paths-webpack-plugin Completed in 1242ms
1253 http fetch GET 200 https://registry.npmjs.org/stream-http/-/stream-http-3.2.0.tgz 1074ms (cache miss)
1254 timing reifyNode:node_modules/stream-http Completed in 1242ms
1255 http fetch GET 200 https://registry.npmjs.org/tailwindcss/-/tailwindcss-4.1.13.tgz 1080ms (cache miss)
1256 timing reifyNode:node_modules/tailwindcss Completed in 1245ms
1257 http fetch GET 200 https://registry.npmjs.org/splaytree/-/splaytree-0.1.4.tgz 1077ms (cache miss)
1258 timing reifyNode:node_modules/splaytree Completed in 1247ms
1259 http fetch GET 200 https://registry.npmjs.org/string_decoder/-/string_decoder-1.3.0.tgz 1108ms (cache miss)
1260 timing reifyNode:node_modules/string_decoder Completed in 1276ms
1261 http fetch GET 200 https://registry.npmjs.org/sisteransi/-/sisteransi-1.0.5.tgz 1107ms (cache miss)
1262 timing reifyNode:node_modules/sisteransi Completed in 1279ms
1263 http fetch GET 200 https://registry.npmjs.org/styled-jsx/-/styled-jsx-5.1.6.tgz 1136ms (cache miss)
1264 timing reifyNode:node_modules/styled-jsx Completed in 1303ms
1265 http fetch GET 200 https://registry.npmjs.org/stackframe/-/stackframe-1.3.4.tgz 1129ms (cache miss)
1266 timing reifyNode:node_modules/stackframe Completed in 1303ms
1267 http fetch GET 200 https://registry.npmjs.org/vitest/-/vitest-3.2.4.tgz 1166ms (cache miss)
1268 http fetch GET 200 https://registry.npmjs.org/side-channel-list/-/side-channel-list-1.0.0.tgz 1132ms (cache miss)
1269 timing reifyNode:node_modules/side-channel-list Completed in 1305ms
1270 http fetch GET 200 https://registry.npmjs.org/side-channel-map/-/side-channel-map-1.0.1.tgz 1132ms (cache miss)
1271 http fetch GET 200 https://registry.npmjs.org/source-map/-/source-map-0.7.6.tgz 1136ms (cache miss)
1272 timing reifyNode:node_modules/source-map Completed in 1306ms
1273 http fetch GET 200 https://registry.npmjs.org/source-map-support/-/source-map-support-0.5.21.tgz 1134ms (cache miss)
1274 timing reifyNode:node_modules/source-map-support Completed in 1306ms
1275 timing reifyNode:node_modules/vitest Completed in 1312ms
1276 timing reifyNode:node_modules/side-channel-map Completed in 1308ms
1277 http fetch GET 200 https://registry.npmjs.org/std-env/-/std-env-3.9.0.tgz 1140ms (cache miss)
1278 timing reifyNode:node_modules/std-env Completed in 1311ms
1279 http fetch GET 200 https://registry.npmjs.org/signal-exit/-/signal-exit-4.1.0.tgz 1159ms (cache miss)
1280 timing reifyNode:node_modules/signal-exit Completed in 1335ms
1281 http fetch GET 200 https://registry.npmjs.org/siginfo/-/siginfo-2.0.0.tgz 1170ms (cache miss)
1282 timing reifyNode:node_modules/siginfo Completed in 1344ms
1283 http fetch GET 200 https://registry.npmjs.org/side-channel/-/side-channel-1.1.0.tgz 1170ms (cache miss)
1284 http fetch GET 200 https://registry.npmjs.org/vite/-/vite-7.1.9.tgz 1208ms (cache miss)
1285 timing reifyNode:node_modules/vite Completed in 1355ms
1286 http fetch GET 200 https://registry.npmjs.org/side-channel-weakmap/-/side-channel-weakmap-1.0.2.tgz 1175ms (cache miss)
1287 timing reifyNode:node_modules/side-channel-weakmap Completed in 1352ms
1288 timing reifyNode:node_modules/side-channel Completed in 1352ms
1289 http fetch GET 200 https://registry.npmjs.org/serialize-to-js/-/serialize-to-js-3.1.2.tgz 1177ms (cache miss)
1290 timing reifyNode:node_modules/serialize-to-js Completed in 1353ms
1291 http fetch GET 200 https://registry.npmjs.org/set-function-length/-/set-function-length-1.2.2.tgz 1179ms (cache miss)
1292 timing reifyNode:node_modules/set-function-length Completed in 1355ms
1293 http fetch GET 200 https://registry.npmjs.org/shebang-command/-/shebang-command-2.0.0.tgz 1181ms (cache miss)
1294 timing reifyNode:node_modules/shebang-command Completed in 1355ms
1295 http fetch GET 200 https://registry.npmjs.org/serialize-javascript/-/serialize-javascript-6.0.2.tgz 1181ms (cache miss)
1296 timing reifyNode:node_modules/serialize-javascript Completed in 1357ms
1297 http fetch GET 200 https://registry.npmjs.org/shebang-regex/-/shebang-regex-3.0.0.tgz 1185ms (cache miss)
1298 timing reifyNode:node_modules/shebang-regex Completed in 1360ms
1299 http fetch GET 200 https://registry.npmjs.org/sha.js/-/sha.js-2.4.12.tgz 1186ms (cache miss)
1300 timing reifyNode:node_modules/sha.js Completed in 1364ms
1301 http fetch GET 200 https://registry.npmjs.org/schema-utils/-/schema-utils-4.3.3.tgz 1194ms (cache miss)
1302 timing reifyNode:node_modules/schema-utils Completed in 1372ms
1303 http fetch GET 200 https://registry.npmjs.org/terser/-/terser-5.44.0.tgz 1211ms (cache miss)
1304 timing reifyNode:node_modules/terser Completed in 1379ms
1305 http fetch GET 200 https://registry.npmjs.org/setimmediate/-/setimmediate-1.0.5.tgz 1213ms (cache miss)
1306 timing reifyNode:node_modules/setimmediate Completed in 1389ms
1307 http fetch GET 200 https://registry.npmjs.org/sass-loader/-/sass-loader-16.0.5.tgz 1212ms (cache miss)
1308 timing reifyNode:node_modules/sass-loader Completed in 1389ms
1309 http fetch GET 200 https://registry.npmjs.org/sharp/-/sharp-0.34.4.tgz 1227ms (cache miss)
1310 timing reifyNode:node_modules/sharp Completed in 1403ms
1311 http fetch GET 200 https://registry.npmjs.org/resolve-from/-/resolve-from-4.0.0.tgz 1239ms (cache miss)
1312 timing reifyNode:node_modules/resolve-from Completed in 1418ms
1313 http fetch GET 200 https://registry.npmjs.org/safe-buffer/-/safe-buffer-5.2.1.tgz 1243ms (cache miss)
1314 timing reifyNode:node_modules/safe-buffer Completed in 1420ms
1315 http fetch GET 200 https://registry.npmjs.org/scheduler/-/scheduler-0.26.0.tgz 1250ms (cache miss)
1316 http fetch GET 200 https://registry.npmjs.org/safe-regex-test/-/safe-regex-test-1.1.0.tgz 1252ms (cache miss)
1317 timing reifyNode:node_modules/safe-regex-test Completed in 1433ms
1318 http fetch GET 200 https://registry.npmjs.org/yaml/-/yaml-2.8.1.tgz 1306ms (cache miss)
1319 timing reifyNode:node_modules/yaml Completed in 1445ms
1320 timing reifyNode:node_modules/scheduler Completed in 1443ms
1321 http fetch GET 200 https://registry.npmjs.org/robust-predicates/-/robust-predicates-2.0.4.tgz 1273ms (cache miss)
1322 timing reifyNode:node_modules/robust-predicates Completed in 1454ms
1323 http fetch GET 200 https://registry.npmjs.org/ripemd160/-/ripemd160-2.0.3.tgz 1278ms (cache miss)
1324 timing reifyNode:node_modules/ripemd160 Completed in 1457ms
1325 http fetch GET 200 https://registry.npmjs.org/rimraf/-/rimraf-3.0.2.tgz 1284ms (cache miss)
1326 warn deprecated rimraf@3.0.2: Rimraf versions prior to v4 are no longer supported
1327 timing reifyNode:node_modules/rimraf Completed in 1462ms
1328 http fetch GET 200 https://registry.npmjs.org/require-from-string/-/require-from-string-2.0.2.tgz 1282ms (cache miss)
1329 timing reifyNode:node_modules/require-from-string Completed in 1462ms
1330 http fetch GET 200 https://registry.npmjs.org/resolve-protobuf-schema/-/resolve-protobuf-schema-2.1.0.tgz 1292ms (cache miss)
1331 timing reifyNode:node_modules/resolve-protobuf-schema Completed in 1474ms
1332 http fetch GET 200 https://registry.npmjs.org/regexpu-core/-/regexpu-core-6.4.0.tgz 1299ms (cache miss)
1333 http fetch GET 200 https://registry.npmjs.org/resolve-url-loader/-/resolve-url-loader-5.0.0.tgz 1354ms (cache miss)
1334 timing reifyNode:node_modules/resolve-url-loader Completed in 1533ms
1335 timing reifyNode:node_modules/regexpu-core Completed in 1553ms
1336 http fetch GET 200 https://registry.npmjs.org/regex-parser/-/regex-parser-2.3.1.tgz 1392ms (cache miss)
1337 timing reifyNode:node_modules/regex-parser Completed in 1576ms
1338 http fetch GET 200 https://registry.npmjs.org/readdirp/-/readdirp-3.6.0.tgz 1392ms (cache miss)
1339 timing reifyNode:node_modules/readdirp Completed in 1576ms
1340 http fetch GET 200 https://registry.npmjs.org/redent/-/redent-3.0.0.tgz 1392ms (cache miss)
1341 timing reifyNode:node_modules/redent Completed in 1578ms
1342 http fetch GET 200 https://registry.npmjs.org/regjsparser/-/regjsparser-0.13.0.tgz 1395ms (cache miss)
1343 timing reifyNode:node_modules/regjsparser Completed in 1579ms
1344 http fetch GET 200 https://registry.npmjs.org/react-refresh/-/react-refresh-0.14.2.tgz 1419ms (cache miss)
1345 timing reifyNode:node_modules/react-refresh Completed in 1605ms
1346 http fetch GET 200 https://registry.npmjs.org/regenerate/-/regenerate-1.4.2.tgz 1445ms (cache miss)
1347 timing reifyNode:node_modules/regenerate Completed in 1630ms
1348 http fetch GET 200 https://registry.npmjs.org/relateurl/-/relateurl-0.2.7.tgz 1452ms (cache miss)
1349 timing reifyNode:node_modules/relateurl Completed in 1642ms
1350 http fetch GET 200 https://registry.npmjs.org/react-is/-/react-is-17.0.2.tgz 1473ms (cache miss)
1351 timing reifyNode:node_modules/react-is Completed in 1659ms
1352 http fetch GET 200 https://registry.npmjs.org/regjsgen/-/regjsgen-0.8.0.tgz 1477ms (cache miss)
1353 timing reifyNode:node_modules/regjsgen Completed in 1660ms
1354 http fetch GET 200 https://registry.npmjs.org/randombytes/-/randombytes-2.1.0.tgz 1528ms (cache miss)
1355 timing reifyNode:node_modules/randombytes Completed in 1716ms
1356 http fetch GET 200 https://registry.npmjs.org/range-parser/-/range-parser-1.2.1.tgz 1530ms (cache miss)
1357 timing reifyNode:node_modules/range-parser Completed in 1717ms
1358 http fetch GET 200 https://registry.npmjs.org/randomfill/-/randomfill-1.0.4.tgz 1531ms (cache miss)
1359 timing reifyNode:node_modules/randomfill Completed in 1719ms
1360 http fetch GET 200 https://registry.npmjs.org/tar/-/tar-7.5.1.tgz 1572ms (cache miss)
1361 timing reifyNode:node_modules/tar Completed in 1740ms
1362 http fetch GET 200 https://registry.npmjs.org/quickselect/-/quickselect-3.0.0.tgz 1550ms (cache miss)
1363 timing reifyNode:node_modules/quickselect Completed in 1739ms
1364 http fetch GET 200 https://registry.npmjs.org/punycode/-/punycode-2.3.1.tgz 1560ms (cache miss)
1365 timing reifyNode:node_modules/punycode Completed in 1754ms
1366 http fetch GET 200 https://registry.npmjs.org/process-nextick-args/-/process-nextick-args-2.0.1.tgz 1565ms (cache miss)
1367 timing reifyNode:node_modules/process-nextick-args Completed in 1756ms
1368 http fetch GET 200 https://registry.npmjs.org/public-encrypt/-/public-encrypt-4.0.3.tgz 1577ms (cache miss)
1369 timing reifyNode:node_modules/public-encrypt Completed in 1773ms
1370 http fetch GET 200 https://registry.npmjs.org/react/-/react-19.1.0.tgz 1598ms (cache miss)
1371 timing reifyNode:node_modules/react Completed in 1785ms
1372 http fetch GET 200 https://registry.npmjs.org/querystring-es3/-/querystring-es3-0.2.1.tgz 1604ms (cache miss)
1373 timing reifyNode:node_modules/querystring-es3 Completed in 1800ms
1374 http fetch GET 200 https://registry.npmjs.org/postcss-modules-extract-imports/-/postcss-modules-extract-imports-3.1.0.tgz 1609ms (cache miss)
1375 timing reifyNode:node_modules/postcss-modules-extract-imports Completed in 1804ms
1376 http fetch GET 200 https://registry.npmjs.org/readable-stream/-/readable-stream-4.7.0.tgz 1623ms (cache miss)
1377 timing reifyNode:node_modules/readable-stream Completed in 1811ms
1378 http fetch GET 200 https://registry.npmjs.org/pretty-format/-/pretty-format-27.5.1.tgz 1618ms (cache miss)
1379 http fetch GET 200 https://registry.npmjs.org/process/-/process-0.11.10.tgz 1626ms (cache miss)
1380 timing reifyNode:node_modules/process Completed in 1815ms
1381 timing reifyNode:node_modules/pretty-format Completed in 1817ms
1382 http fetch GET 200 https://registry.npmjs.org/recast/-/recast-0.23.11.tgz 1645ms (cache miss)
1383 timing reifyNode:node_modules/recast Completed in 1836ms
1384 http fetch GET 200 https://registry.npmjs.org/qs/-/qs-6.14.0.tgz 1650ms (cache miss)
1385 http fetch GET 200 https://registry.npmjs.org/renderkid/-/renderkid-3.0.0.tgz 1659ms (cache miss)
1386 timing reifyNode:node_modules/renderkid Completed in 1841ms
1387 http fetch GET 200 https://registry.npmjs.org/pretty-error/-/pretty-error-4.0.0.tgz 1650ms (cache miss)
1388 timing reifyNode:node_modules/qs Completed in 1844ms
1389 timing reifyNode:node_modules/pretty-error Completed in 1847ms
1390 http fetch GET 200 https://registry.npmjs.org/postcss-modules-local-by-default/-/postcss-modules-local-by-default-4.2.0.tgz 1654ms (cache miss)
1391 timing reifyNode:node_modules/postcss-modules-local-by-default Completed in 1848ms
1392 http fetch GET 200 https://registry.npmjs.org/postcss-value-parser/-/postcss-value-parser-4.2.0.tgz 1656ms (cache miss)
1393 timing reifyNode:node_modules/postcss-value-parser Completed in 1851ms
1394 http fetch GET 200 https://registry.npmjs.org/protocol-buffers-schema/-/protocol-buffers-schema-3.6.0.tgz 1667ms (cache miss)
1395 http fetch GET 200 https://registry.npmjs.org/postcss-modules-values/-/postcss-modules-values-4.0.0.tgz 1665ms (cache miss)
1396 timing reifyNode:node_modules/postcss-modules-values Completed in 1859ms
1397 http fetch GET 200 https://registry.npmjs.org/semver/-/semver-7.7.2.tgz 1694ms (cache miss)
1398 timing reifyNode:node_modules/semver Completed in 1871ms
1399 http fetch GET 200 https://registry.npmjs.org/potpack/-/potpack-2.1.0.tgz 1681ms (cache miss)
1400 timing reifyNode:node_modules/potpack Completed in 1876ms
1401 http fetch GET 200 https://registry.npmjs.org/pkg-dir/-/pkg-dir-4.2.0.tgz 1686ms (cache miss)
1402 timing reifyNode:node_modules/pkg-dir Completed in 1882ms
1403 http fetch GET 200 https://registry.npmjs.org/postcss-modules-scope/-/postcss-modules-scope-3.2.1.tgz 1689ms (cache miss)
1404 timing reifyNode:node_modules/postcss-modules-scope Completed in 1886ms
1405 http fetch GET 200 https://registry.npmjs.org/react-docgen-typescript/-/react-docgen-typescript-2.4.0.tgz 1706ms (cache miss)
1406 timing reifyNode:node_modules/react-docgen-typescript Completed in 1904ms
1407 http fetch GET 200 https://registry.npmjs.org/picomatch/-/picomatch-2.3.1.tgz 1716ms (cache miss)
1408 http fetch GET 200 https://registry.npmjs.org/possible-typed-array-names/-/possible-typed-array-names-1.1.0.tgz 1718ms (cache miss)
1409 timing reifyNode:node_modules/possible-typed-array-names Completed in 1915ms
1410 timing reifyNode:node_modules/protocol-buffers-schema Completed in 1917ms
1411 timing reifyNode:node_modules/picomatch Completed in 1917ms
1412 http fetch GET 200 https://registry.npmjs.org/picocolors/-/picocolors-1.1.1.tgz 1721ms (cache miss)
1413 timing reifyNode:node_modules/picocolors Completed in 1919ms
1414 http fetch GET 200 https://registry.npmjs.org/resolve/-/resolve-1.22.10.tgz 1742ms (cache miss)
1415 timing reifyNode:node_modules/resolve Completed in 1925ms
1416 http fetch GET 200 https://registry.npmjs.org/prompts/-/prompts-2.4.2.tgz 1736ms (cache miss)
1417 timing reifyNode:node_modules/prompts Completed in 1927ms
1418 http fetch GET 200 https://registry.npmjs.org/path-type/-/path-type-4.0.0.tgz 1753ms (cache miss)
1419 timing reifyNode:node_modules/path-type Completed in 1952ms
1420 http fetch GET 200 https://registry.npmjs.org/pathe/-/pathe-2.0.3.tgz 1762ms (cache miss)
1421 timing reifyNode:node_modules/pathe Completed in 1967ms
1422 http fetch GET 200 https://registry.npmjs.org/pbf/-/pbf-4.0.1.tgz 1781ms (cache miss)
1423 timing reifyNode:node_modules/pbf Completed in 1990ms
1424 http fetch GET 200 https://registry.npmjs.org/rollup/-/rollup-4.52.4.tgz 1818ms (cache miss)
1425 http fetch GET 200 https://registry.npmjs.org/path-parse/-/path-parse-1.0.7.tgz 1799ms (cache miss)
1426 timing reifyNode:node_modules/path-parse Completed in 1999ms
1427 timing reifyNode:node_modules/rollup Completed in 2001ms
1428 http fetch GET 200 https://registry.npmjs.org/react-docgen/-/react-docgen-7.1.1.tgz 1816ms (cache miss)
1429 http fetch GET 200 https://registry.npmjs.org/path-is-absolute/-/path-is-absolute-1.0.1.tgz 1806ms (cache miss)
1430 timing reifyNode:node_modules/path-is-absolute Completed in 2006ms
1431 http fetch GET 200 https://registry.npmjs.org/path-key/-/path-key-3.1.1.tgz 1807ms (cache miss)
1432 timing reifyNode:node_modules/path-key Completed in 2006ms
1433 timing reifyNode:node_modules/react-docgen Completed in 2008ms
1434 http fetch GET 200 https://registry.npmjs.org/pbkdf2/-/pbkdf2-3.1.5.tgz 1807ms (cache miss)
1435 timing reifyNode:node_modules/pbkdf2 Completed in 2011ms
1436 http fetch GET 200 https://registry.npmjs.org/postcss-selector-parser/-/postcss-selector-parser-7.1.0.tgz 1825ms (cache miss)
1437 timing reifyNode:node_modules/postcss-selector-parser Completed in 2019ms
1438 http fetch GET 200 https://registry.npmjs.org/postcss/-/postcss-8.5.6.tgz 1822ms (cache miss)
1439 timing reifyNode:node_modules/postcss Completed in 2022ms
1440 http fetch GET 200 https://registry.npmjs.org/path-scurry/-/path-scurry-1.11.1.tgz 1823ms (cache miss)
1441 timing reifyNode:node_modules/path-scurry Completed in 2024ms
1442 http fetch GET 200 https://registry.npmjs.org/path-exists/-/path-exists-5.0.0.tgz 1828ms (cache miss)
1443 timing reifyNode:node_modules/path-exists Completed in 2029ms
1444 http fetch GET 200 https://registry.npmjs.org/path-browserify/-/path-browserify-1.0.1.tgz 1839ms (cache miss)
1445 timing reifyNode:node_modules/path-browserify Completed in 2042ms
1446 http fetch GET 200 https://registry.npmjs.org/pathval/-/pathval-2.0.1.tgz 1862ms (cache miss)
1447 timing reifyNode:node_modules/pathval Completed in 2064ms
1448 http fetch GET 200 https://registry.npmjs.org/parse-json/-/parse-json-5.2.0.tgz 1881ms (cache miss)
1449 timing reifyNode:node_modules/parse-json Completed in 2082ms
1450 http fetch GET 200 https://registry.npmjs.org/parse-asn1/-/parse-asn1-5.1.9.tgz 1878ms (cache miss)
1451 timing reifyNode:node_modules/parse-asn1 Completed in 2084ms
1452 http fetch GET 200 https://registry.npmjs.org/param-case/-/param-case-3.0.4.tgz 1899ms (cache miss)
1453 http fetch GET 200 https://registry.npmjs.org/p-locate/-/p-locate-6.0.0.tgz 1902ms (cache miss)
1454 timing reifyNode:node_modules/p-locate Completed in 2110ms
1455 http fetch GET 200 https://registry.npmjs.org/p-try/-/p-try-2.2.0.tgz 1904ms (cache miss)
1456 timing reifyNode:node_modules/p-try Completed in 2111ms
1457 timing reifyNode:node_modules/param-case Completed in 2115ms
1458 http fetch GET 200 https://registry.npmjs.org/p-limit/-/p-limit-4.0.0.tgz 1911ms (cache miss)
1459 timing reifyNode:node_modules/p-limit Completed in 2118ms
1460 http fetch GET 200 https://registry.npmjs.org/package-json-from-dist/-/package-json-from-dist-1.0.1.tgz 1914ms (cache miss)
1461 timing reifyNode:node_modules/package-json-from-dist Completed in 2122ms
1462 http fetch GET 200 https://registry.npmjs.org/pako/-/pako-1.0.11.tgz 1943ms (cache miss)
1463 timing reifyNode:node_modules/pako Completed in 2154ms
1464 http fetch GET 200 https://registry.npmjs.org/os-browserify/-/os-browserify-0.3.0.tgz 1960ms (cache miss)
1465 timing reifyNode:node_modules/os-browserify Completed in 2167ms
1466 http fetch GET 200 https://registry.npmjs.org/once/-/once-1.4.0.tgz 1962ms (cache miss)
1467 timing reifyNode:node_modules/once Completed in 2169ms
1468 http fetch GET 200 https://registry.npmjs.org/objectorarray/-/objectorarray-1.0.5.tgz 1968ms (cache miss)
1469 timing reifyNode:node_modules/objectorarray Completed in 2177ms
1470 http fetch GET 200 https://registry.npmjs.org/open/-/open-8.4.2.tgz 1972ms (cache miss)
1471 timing reifyNode:node_modules/open Completed in 2180ms
1472 http fetch GET 200 https://registry.npmjs.org/object-keys/-/object-keys-1.1.1.tgz 1973ms (cache miss)
1473 timing reifyNode:node_modules/object-keys Completed in 2183ms
1474 http fetch GET 200 https://registry.npmjs.org/nth-check/-/nth-check-2.1.1.tgz 1976ms (cache miss)
1475 http fetch GET 200 https://registry.npmjs.org/normalize-range/-/normalize-range-0.1.2.tgz 1983ms (cache miss)
1476 timing reifyNode:node_modules/normalize-range Completed in 2194ms
1477 http fetch GET 200 https://registry.npmjs.org/object-is/-/object-is-1.1.6.tgz 1986ms (cache miss)
1478 timing reifyNode:node_modules/nth-check Completed in 2198ms
1479 timing reifyNode:node_modules/object-is Completed in 2199ms
1480 http fetch GET 200 https://registry.npmjs.org/object-inspect/-/object-inspect-1.13.4.tgz 2019ms (cache miss)
1481 http fetch GET 200 https://registry.npmjs.org/node-polyfill-webpack-plugin/-/node-polyfill-webpack-plugin-2.0.1.tgz 2023ms (cache miss)
1482 timing reifyNode:node_modules/node-polyfill-webpack-plugin Completed in 2234ms
1483 http fetch GET 200 https://registry.npmjs.org/postcss-loader/-/postcss-loader-8.2.0.tgz 2025ms (cache miss)
1484 timing reifyNode:node_modules/postcss-loader Completed in 2234ms
1485 timing reifyNode:node_modules/object-inspect Completed in 2235ms
1486 http fetch GET 200 https://registry.npmjs.org/node-abort-controller/-/node-abort-controller-3.1.1.tgz 2034ms (cache miss)
1487 http fetch GET 200 https://registry.npmjs.org/ms/-/ms-2.1.3.tgz 2034ms (cache miss)
1488 timing reifyNode:node_modules/ms Completed in 2245ms
1489 http fetch GET 200 https://registry.npmjs.org/object.assign/-/object.assign-4.1.7.tgz 2040ms (cache miss)
1490 timing reifyNode:node_modules/node-abort-controller Completed in 2250ms
1491 timing reifyNode:node_modules/object.assign Completed in 2251ms
1492 http fetch GET 200 https://registry.npmjs.org/normalize-path/-/normalize-path-3.0.0.tgz 2042ms (cache miss)
1493 timing reifyNode:node_modules/normalize-path Completed in 2254ms
1494 http fetch GET 200 https://registry.npmjs.org/node-releases/-/node-releases-2.0.21.tgz 2043ms (cache miss)
1495 timing reifyNode:node_modules/node-releases Completed in 2255ms
1496 http fetch GET 200 https://registry.npmjs.org/regenerate-unicode-properties/-/regenerate-unicode-properties-10.2.2.tgz 2072ms (cache miss)
1497 http fetch GET 200 https://registry.npmjs.org/no-case/-/no-case-3.0.4.tgz 2045ms (cache miss)
1498 timing reifyNode:node_modules/regenerate-unicode-properties Completed in 2258ms
1499 timing reifyNode:node_modules/no-case Completed in 2258ms
1500 http fetch GET 200 https://registry.npmjs.org/react-dom/-/react-dom-19.1.0.tgz 2079ms (cache miss)
1501 timing reifyNode:node_modules/react-dom Completed in 2266ms
1502 http fetch GET 200 https://registry.npmjs.org/pascal-case/-/pascal-case-3.1.2.tgz 2067ms (cache miss)
1503 http fetch GET 200 https://registry.npmjs.org/murmurhash-js/-/murmurhash-js-1.0.0.tgz 2074ms (cache miss)
1504 timing reifyNode:node_modules/murmurhash-js Completed in 2286ms
1505 http fetch GET 200 https://registry.npmjs.org/module-alias/-/module-alias-2.2.3.tgz 2074ms (cache miss)
1506 timing reifyNode:node_modules/module-alias Completed in 2286ms
1507 timing reifyNode:node_modules/pascal-case Completed in 2291ms
1508 http fetch GET 200 https://registry.npmjs.org/minimalistic-assert/-/minimalistic-assert-1.0.1.tgz 2087ms (cache miss)
1509 timing reifyNode:node_modules/minimalistic-assert Completed in 2305ms
1510 http fetch GET 200 https://registry.npmjs.org/minipass/-/minipass-7.1.2.tgz 2102ms (cache miss)
1511 timing reifyNode:node_modules/minipass Completed in 2315ms
1512 http fetch GET 200 https://registry.npmjs.org/minimist/-/minimist-1.2.8.tgz 2102ms (cache miss)
1513 timing reifyNode:node_modules/minimist Completed in 2319ms
1514 http fetch GET 200 https://registry.npmjs.org/nanoid/-/nanoid-3.3.11.tgz 2108ms (cache miss)
1515 timing reifyNode:node_modules/nanoid Completed in 2335ms
1516 http fetch GET 200 https://registry.npmjs.org/neo-async/-/neo-async-2.6.2.tgz 2133ms (cache miss)
1517 http fetch GET 200 https://registry.npmjs.org/minizlib/-/minizlib-3.1.0.tgz 2134ms (cache miss)
1518 timing reifyNode:node_modules/neo-async Completed in 2348ms
1519 http fetch GET 200 https://registry.npmjs.org/mime-db/-/mime-db-1.52.0.tgz 2132ms (cache miss)
1520 timing reifyNode:node_modules/minizlib Completed in 2348ms
1521 timing reifyNode:node_modules/mime-db Completed in 2350ms
1522 http fetch GET 200 https://registry.npmjs.org/mrmime/-/mrmime-2.0.1.tgz 2141ms (cache miss)
1523 timing reifyNode:node_modules/mrmime Completed in 2354ms
1524 http fetch GET 200 https://registry.npmjs.org/min-indent/-/min-indent-1.0.1.tgz 2141ms (cache miss)
1525 timing reifyNode:node_modules/min-indent Completed in 2357ms
1526 http fetch GET 200 https://registry.npmjs.org/minimatch/-/minimatch-3.1.2.tgz 2146ms (cache miss)
1527 timing reifyNode:node_modules/minimatch Completed in 2362ms
1528 http fetch GET 200 https://registry.npmjs.org/minimalistic-crypto-utils/-/minimalistic-crypto-utils-1.0.1.tgz 2153ms (cache miss)
1529 timing reifyNode:node_modules/minimalistic-crypto-utils Completed in 2371ms
1530 http fetch GET 200 https://registry.npmjs.org/md5.js/-/md5.js-1.3.5.tgz 2154ms (cache miss)
1531 timing reifyNode:node_modules/md5.js Completed in 2371ms
1532 http fetch GET 200 https://registry.npmjs.org/micromatch/-/micromatch-4.0.8.tgz 2154ms (cache miss)
1533 timing reifyNode:node_modules/micromatch Completed in 2372ms
1534 http fetch GET 200 https://registry.npmjs.org/mime-types/-/mime-types-2.1.35.tgz 2180ms (cache miss)
1535 timing reifyNode:node_modules/mime-types Completed in 2398ms
1536 http fetch GET 200 https://registry.npmjs.org/merge-stream/-/merge-stream-2.0.0.tgz 2181ms (cache miss)
1537 timing reifyNode:node_modules/merge-stream Completed in 2399ms
1538 http fetch GET 200 https://registry.npmjs.org/make-dir/-/make-dir-3.1.0.tgz 2200ms (cache miss)
1539 timing reifyNode:node_modules/make-dir Completed in 2419ms
1540 http fetch GET 200 https://registry.npmjs.org/math-intrinsics/-/math-intrinsics-1.1.0.tgz 2201ms (cache miss)
1541 http fetch GET 200 https://registry.npmjs.org/memfs/-/memfs-3.5.3.tgz 2204ms (cache miss)
1542 timing reifyNode:node_modules/memfs Completed in 2424ms
1543 http fetch GET 200 https://registry.npmjs.org/parent-module/-/parent-module-1.0.1.tgz 2222ms (cache miss)
1544 timing reifyNode:node_modules/parent-module Completed in 2427ms
1545 http fetch GET 200 https://registry.npmjs.org/playwright/-/playwright-1.56.0.tgz 2239ms (cache miss)
1546 timing reifyNode:node_modules/playwright Completed in 2434ms
1547 timing reifyNode:node_modules/math-intrinsics Completed in 2441ms
1548 http fetch GET 200 https://registry.npmjs.org/magic-string/-/magic-string-0.30.19.tgz 2284ms (cache miss)
1549 timing reifyNode:node_modules/magic-string Completed in 2505ms
1550 http fetch GET 200 https://registry.npmjs.org/lower-case/-/lower-case-2.0.2.tgz 2300ms (cache miss)
1551 timing reifyNode:node_modules/lower-case Completed in 2523ms
1552 http fetch GET 200 https://registry.npmjs.org/miller-rabin/-/miller-rabin-4.0.1.tgz 2309ms (cache miss)
1553 timing reifyNode:node_modules/miller-rabin Completed in 2528ms
1554 http fetch GET 200 https://registry.npmjs.org/loader-utils/-/loader-utils-3.3.1.tgz 2309ms (cache miss)
1555 http fetch GET 200 https://registry.npmjs.org/lodash.debounce/-/lodash.debounce-4.0.8.tgz 2309ms (cache miss)
1556 timing reifyNode:node_modules/lodash.debounce Completed in 2532ms
1557 http fetch GET 200 https://registry.npmjs.org/lru-cache/-/lru-cache-5.1.1.tgz 2312ms (cache miss)
1558 timing reifyNode:node_modules/lru-cache Completed in 2534ms
1559 http fetch GET 200 https://registry.npmjs.org/locate-path/-/locate-path-7.2.0.tgz 2315ms (cache miss)
1560 timing reifyNode:node_modules/locate-path Completed in 2537ms
1561 timing reifyNode:node_modules/loader-utils Completed in 2537ms
1562 http fetch GET 200 https://registry.npmjs.org/lz-string/-/lz-string-1.5.0.tgz 2325ms (cache miss)
1563 timing reifyNode:node_modules/lz-string Completed in 2548ms
1564 http fetch GET 200 https://registry.npmjs.org/loader-runner/-/loader-runner-4.3.0.tgz 2328ms (cache miss)
1565 timing reifyNode:node_modules/loader-runner Completed in 2552ms
1566 http fetch GET 200 https://registry.npmjs.org/martinez-polygon-clipping/-/martinez-polygon-clipping-0.7.4.tgz 2333ms (cache miss)
1567 http fetch GET 200 https://registry.npmjs.org/webpack/-/webpack-5.102.1.tgz 2422ms (cache miss)
1568 timing reifyNode:node_modules/webpack Completed in 2565ms
1569 timing reifyNode:node_modules/martinez-polygon-clipping Completed in 2555ms
1570 http fetch GET 200 https://registry.npmjs.org/magicast/-/magicast-0.3.5.tgz 2358ms (cache miss)
1571 timing reifyNode:node_modules/magicast Completed in 2580ms
1572 http fetch GET 200 https://registry.npmjs.org/lines-and-columns/-/lines-and-columns-1.2.4.tgz 2377ms (cache miss)
1573 timing reifyNode:node_modules/lines-and-columns Completed in 2600ms
1574 http fetch GET 200 https://registry.npmjs.org/kdbush/-/kdbush-4.0.2.tgz 2460ms (cache miss)
1575 timing reifyNode:node_modules/kdbush Completed in 2687ms
1576 http fetch GET 200 https://registry.npmjs.org/kleur/-/kleur-3.0.3.tgz 2465ms (cache miss)
1577 timing reifyNode:node_modules/kleur Completed in 2690ms
1578 http fetch GET 200 https://registry.npmjs.org/jsonfile/-/jsonfile-6.2.0.tgz 2464ms (cache miss)
1579 timing reifyNode:node_modules/jsonfile Completed in 2691ms
1580 http fetch GET 200 https://registry.npmjs.org/json-parse-even-better-errors/-/json-parse-even-better-errors-2.3.1.tgz 2488ms (cache miss)
1581 timing reifyNode:node_modules/json-parse-even-better-errors Completed in 2715ms
1582 http fetch GET 200 https://registry.npmjs.org/keyv/-/keyv-4.5.4.tgz 2498ms (cache miss)
1583 timing reifyNode:node_modules/keyv Completed in 2722ms
1584 http fetch GET 200 https://registry.npmjs.org/playwright-core/-/playwright-core-1.56.0.tgz 2543ms (cache miss)
1585 timing reifyNode:node_modules/playwright-core Completed in 2739ms
1586 http fetch GET 200 https://registry.npmjs.org/jiti/-/jiti-2.6.0.tgz 2593ms (cache miss)
1587 timing reifyNode:node_modules/jiti Completed in 2822ms
1588 http fetch GET 200 https://registry.npmjs.org/typescript/-/typescript-5.9.2.tgz 2692ms (cache miss)
1589 timing reifyNode:node_modules/typescript Completed in 2842ms
1590 http fetch GET 200 https://registry.npmjs.org/lightningcss/-/lightningcss-1.30.1.tgz 2625ms (cache miss)
1591 timing reifyNode:node_modules/lightningcss Completed in 2850ms
1592 http fetch GET 200 https://registry.npmjs.org/jest-worker/-/jest-worker-27.5.1.tgz 2641ms (cache miss)
1593 timing reifyNode:node_modules/jest-worker Completed in 2872ms
1594 http fetch GET 200 https://registry.npmjs.org/istanbul-lib-source-maps/-/istanbul-lib-source-maps-5.0.6.tgz 2660ms (cache miss)
1595 timing reifyNode:node_modules/istanbul-lib-source-maps Completed in 2891ms
1596 http fetch GET 200 https://registry.npmjs.org/jackspeak/-/jackspeak-3.4.3.tgz 2669ms (cache miss)
1597 timing reifyNode:node_modules/jackspeak Completed in 2900ms
1598 http fetch GET 200 https://registry.npmjs.org/loupe/-/loupe-3.2.1.tgz 2675ms (cache miss)
1599 timing reifyNode:node_modules/loupe Completed in 2905ms
1600 http fetch GET 200 https://registry.npmjs.org/js-tokens/-/js-tokens-4.0.0.tgz 2738ms (cache miss)
1601 timing reifyNode:node_modules/js-tokens Completed in 2967ms
1602 http fetch GET 200 https://registry.npmjs.org/istanbul-lib-report/-/istanbul-lib-report-3.0.1.tgz 2806ms (cache miss)
1603 timing reifyNode:node_modules/istanbul-lib-report Completed in 3040ms
1604 http fetch GET 200 https://registry.npmjs.org/isarray/-/isarray-2.0.5.tgz 2809ms (cache miss)
1605 timing reifyNode:node_modules/isarray Completed in 3040ms
1606 http fetch GET 200 https://registry.npmjs.org/json-buffer/-/json-buffer-3.0.1.tgz 2811ms (cache miss)
1607 timing reifyNode:node_modules/json-buffer Completed in 3043ms
1608 http fetch GET 200 https://registry.npmjs.org/json5/-/json5-2.2.3.tgz 2818ms (cache miss)
1609 timing reifyNode:node_modules/json5 Completed in 3044ms
1610 http fetch GET 200 https://registry.npmjs.org/is-regex/-/is-regex-1.2.1.tgz 2815ms (cache miss)
1611 timing reifyNode:node_modules/is-regex Completed in 3047ms
1612 http fetch GET 200 https://registry.npmjs.org/is-wsl/-/is-wsl-2.2.0.tgz 2817ms (cache miss)
1613 timing reifyNode:node_modules/is-wsl Completed in 3048ms
1614 http fetch GET 200 https://registry.npmjs.org/is-typed-array/-/is-typed-array-1.1.15.tgz 2843ms (cache miss)
1615 timing reifyNode:node_modules/is-typed-array Completed in 3074ms
1616 http fetch GET 200 https://registry.npmjs.org/is-number/-/is-number-7.0.0.tgz 2876ms (cache miss)
1617 timing reifyNode:node_modules/is-number Completed in 3109ms
1618 http fetch GET 200 https://registry.npmjs.org/json-schema-traverse/-/json-schema-traverse-1.0.0.tgz 2884ms (cache miss)
1619 timing reifyNode:node_modules/json-schema-traverse Completed in 3118ms
1620 http fetch GET 200 https://registry.npmjs.org/lodash/-/lodash-4.17.21.tgz 2901ms (cache miss)
1621 timing reifyNode:node_modules/lodash Completed in 3126ms
1622 http fetch GET 200 https://registry.npmjs.org/is-binary-path/-/is-binary-path-2.1.0.tgz 2977ms (cache miss)
1623 timing reifyNode:node_modules/is-binary-path Completed in 3212ms
1624 http fetch GET 200 https://registry.npmjs.org/isexe/-/isexe-2.0.0.tgz 2979ms (cache miss)
1625 timing reifyNode:node_modules/isexe Completed in 3212ms
1626 http fetch GET 200 https://registry.npmjs.org/is-nan/-/is-nan-1.3.2.tgz 2980ms (cache miss)
1627 http fetch GET 200 https://registry.npmjs.org/is-core-module/-/is-core-module-2.16.1.tgz 2980ms (cache miss)
1628 http fetch GET 200 https://registry.npmjs.org/is-generator-function/-/is-generator-function-1.1.2.tgz 2979ms (cache miss)
1629 timing reifyNode:node_modules/is-core-module Completed in 3213ms
1630 timing reifyNode:node_modules/is-generator-function Completed in 3213ms
1631 http fetch GET 200 https://registry.npmjs.org/istanbul-lib-coverage/-/istanbul-lib-coverage-3.2.2.tgz 2982ms (cache miss)
1632 timing reifyNode:node_modules/istanbul-lib-coverage Completed in 3214ms
1633 http fetch GET 200 https://registry.npmjs.org/jsesc/-/jsesc-3.1.0.tgz 2981ms (cache miss)
1634 timing reifyNode:node_modules/jsesc Completed in 3214ms
1635 timing reifyNode:node_modules/is-nan Completed in 3215ms
1636 http fetch GET 200 https://registry.npmjs.org/is-extglob/-/is-extglob-2.1.1.tgz 2990ms (cache miss)
1637 timing reifyNode:node_modules/is-extglob Completed in 3224ms
1638 http fetch GET 200 https://registry.npmjs.org/is-callable/-/is-callable-1.2.7.tgz 2998ms (cache miss)
1639 timing reifyNode:node_modules/is-callable Completed in 3233ms
1640 http fetch GET 200 https://registry.npmjs.org/is-arguments/-/is-arguments-1.2.0.tgz 3054ms (cache miss)
1641 http fetch GET 200 https://registry.npmjs.org/inflight/-/inflight-1.0.6.tgz 3054ms (cache miss)
1642 warn deprecated inflight@1.0.6: This module is not supported, and leaks memory. Do not use it. Check out lru-cache if you want a good and tested way to coalesce async requests by a key value, which is much more comprehensive and powerful.
1643 timing reifyNode:node_modules/inflight Completed in 3294ms
1644 http fetch GET 200 https://registry.npmjs.org/import-fresh/-/import-fresh-3.3.1.tgz 3055ms (cache miss)
1645 timing reifyNode:node_modules/import-fresh Completed in 3296ms
1646 http fetch GET 200 https://registry.npmjs.org/is-fullwidth-code-point/-/is-fullwidth-code-point-3.0.0.tgz 3062ms (cache miss)
1647 timing reifyNode:node_modules/is-fullwidth-code-point Completed in 3297ms
1648 timing reifyNode:node_modules/is-arguments Completed in 3297ms
1649 http fetch GET 200 https://registry.npmjs.org/is-arrayish/-/is-arrayish-0.2.1.tgz 3062ms (cache miss)
1650 timing reifyNode:node_modules/is-arrayish Completed in 3298ms
1651 http fetch GET 200 https://registry.npmjs.org/icss-utils/-/icss-utils-5.1.0.tgz 3061ms (cache miss)
1652 timing reifyNode:node_modules/icss-utils Completed in 3300ms
1653 http fetch GET 200 https://registry.npmjs.org/inherits/-/inherits-2.0.4.tgz 3066ms (cache miss)
1654 timing reifyNode:node_modules/inherits Completed in 3302ms
1655 http fetch GET 200 https://registry.npmjs.org/storybook/-/storybook-9.1.10.tgz 3176ms (cache miss)
1656 timing reifyNode:node_modules/storybook Completed in 3346ms
1657 http fetch GET 200 https://registry.npmjs.org/image-size/-/image-size-2.0.2.tgz 3137ms (cache miss)
1658 http fetch GET 200 https://registry.npmjs.org/is-docker/-/is-docker-2.2.1.tgz 3138ms (cache miss)
1659 timing reifyNode:node_modules/is-docker Completed in 3376ms
1660 timing reifyNode:node_modules/image-size Completed in 3380ms
1661 http fetch GET 200 https://registry.npmjs.org/is-glob/-/is-glob-4.0.3.tgz 3150ms (cache miss)
1662 timing reifyNode:node_modules/is-glob Completed in 3383ms
1663 http fetch GET 200 https://registry.npmjs.org/ieee754/-/ieee754-1.2.1.tgz 3152ms (cache miss)
1664 timing reifyNode:node_modules/ieee754 Completed in 3395ms
1665 http fetch GET 200 https://registry.npmjs.org/html-escaper/-/html-escaper-2.0.2.tgz 3168ms (cache miss)
1666 timing reifyNode:node_modules/html-escaper Completed in 3416ms
1667 http fetch GET 200 https://registry.npmjs.org/html-minifier-terser/-/html-minifier-terser-6.1.0.tgz 3179ms (cache miss)
1668 timing reifyNode:node_modules/html-minifier-terser Completed in 3422ms
1669 http fetch GET 200 https://registry.npmjs.org/https-browserify/-/https-browserify-1.0.0.tgz 3182ms (cache miss)
1670 timing reifyNode:node_modules/https-browserify Completed in 3422ms
1671 http fetch GET 200 https://registry.npmjs.org/indent-string/-/indent-string-4.0.0.tgz 3183ms (cache miss)
1672 timing reifyNode:node_modules/indent-string Completed in 3424ms
1673 http fetch GET 200 https://registry.npmjs.org/istanbul-reports/-/istanbul-reports-3.2.0.tgz 3199ms (cache miss)
1674 timing reifyNode:node_modules/istanbul-reports Completed in 3439ms
1675 http fetch GET 200 https://registry.npmjs.org/html-webpack-plugin/-/html-webpack-plugin-5.6.4.tgz 3198ms (cache miss)
1676 timing reifyNode:node_modules/html-webpack-plugin Completed in 3441ms
1677 http fetch GET 200 https://registry.npmjs.org/htmlparser2/-/htmlparser2-6.1.0.tgz 3222ms (cache miss)
1678 http fetch GET 200 https://registry.npmjs.org/js-yaml/-/js-yaml-4.1.0.tgz 3236ms (cache miss)
1679 timing reifyNode:node_modules/js-yaml Completed in 3464ms
1680 timing reifyNode:node_modules/htmlparser2 Completed in 3465ms
1681 http fetch GET 200 https://registry.npmjs.org/html-entities/-/html-entities-2.6.0.tgz 3236ms (cache miss)
1682 timing reifyNode:node_modules/html-entities Completed in 3477ms
1683 http fetch GET 200 https://registry.npmjs.org/hasown/-/hasown-2.0.2.tgz 3238ms (cache miss)
1684 timing reifyNode:node_modules/hasown Completed in 3481ms
1685 http fetch GET 200 https://registry.npmjs.org/has-tostringtag/-/has-tostringtag-1.0.2.tgz 3239ms (cache miss)
1686 timing reifyNode:node_modules/has-tostringtag Completed in 3487ms
1687 http fetch GET 200 https://registry.npmjs.org/globrex/-/globrex-0.1.2.tgz 3254ms (cache miss)
1688 timing reifyNode:node_modules/globrex Completed in 3500ms
1689 http fetch GET 200 https://registry.npmjs.org/hmac-drbg/-/hmac-drbg-1.0.1.tgz 3268ms (cache miss)
1690 timing reifyNode:node_modules/hmac-drbg Completed in 3513ms
1691 http fetch GET 200 https://registry.npmjs.org/grid-index/-/grid-index-1.1.0.tgz 3345ms (cache miss)
1692 timing reifyNode:node_modules/grid-index Completed in 3589ms
1693 http fetch GET 200 https://registry.npmjs.org/has-property-descriptors/-/has-property-descriptors-1.0.2.tgz 3356ms (cache miss)
1694 timing reifyNode:node_modules/has-property-descriptors Completed in 3600ms
1695 http fetch GET 200 https://registry.npmjs.org/has-flag/-/has-flag-4.0.0.tgz 3361ms (cache miss)
1696 timing reifyNode:node_modules/has-flag Completed in 3607ms
1697 http fetch GET 200 https://registry.npmjs.org/gopd/-/gopd-1.2.0.tgz 3363ms (cache miss)
1698 http fetch GET 200 https://registry.npmjs.org/hash-base/-/hash-base-3.0.5.tgz 3367ms (cache miss)
1699 timing reifyNode:node_modules/hash-base Completed in 3609ms
1700 timing reifyNode:node_modules/gopd Completed in 3615ms
1701 http fetch GET 200 https://registry.npmjs.org/glob/-/glob-7.2.3.tgz 3371ms (cache miss)
1702 warn deprecated glob@7.2.3: Glob versions prior to v9 are no longer supported
1703 timing reifyNode:node_modules/glob Completed in 3617ms
1704 http fetch GET 200 https://registry.npmjs.org/graceful-fs/-/graceful-fs-4.2.11.tgz 3375ms (cache miss)
1705 timing reifyNode:node_modules/graceful-fs Completed in 3622ms
1706 http fetch GET 200 https://registry.npmjs.org/glob-parent/-/glob-parent-5.1.2.tgz 3381ms (cache miss)
1707 timing reifyNode:node_modules/glob-parent Completed in 3629ms
1708 http fetch GET 200 https://registry.npmjs.org/he/-/he-1.2.0.tgz 3387ms (cache miss)
1709 timing reifyNode:node_modules/he Completed in 3629ms
1710 http fetch GET 200 https://registry.npmjs.org/generator-function/-/generator-function-2.0.1.tgz 3382ms (cache miss)
1711 http fetch GET 200 https://registry.npmjs.org/glob-to-regexp/-/glob-to-regexp-0.4.1.tgz 3383ms (cache miss)
1712 timing reifyNode:node_modules/glob-to-regexp Completed in 3630ms
1713 http fetch GET 200 https://registry.npmjs.org/get-proto/-/get-proto-1.0.1.tgz 3389ms (cache miss)
1714 http fetch GET 200 https://registry.npmjs.org/geojson-vt/-/geojson-vt-4.0.2.tgz 3390ms (cache miss)
1715 timing reifyNode:node_modules/generator-function Completed in 3649ms
1716 timing reifyNode:node_modules/get-proto Completed in 3650ms
1717 timing reifyNode:node_modules/geojson-vt Completed in 3650ms
1718 http fetch GET 200 https://registry.npmjs.org/has-symbols/-/has-symbols-1.1.0.tgz 3405ms (cache miss)
1719 timing reifyNode:node_modules/has-symbols Completed in 3656ms
1720 http fetch GET 200 https://registry.npmjs.org/fs.realpath/-/fs.realpath-1.0.0.tgz 3410ms (cache miss)
1721 timing reifyNode:node_modules/fs.realpath Completed in 3661ms
1722 http fetch GET 200 https://registry.npmjs.org/gensync/-/gensync-1.0.0-beta.2.tgz 3412ms (cache miss)
1723 timing reifyNode:node_modules/gensync Completed in 3663ms
1724 http fetch GET 200 https://registry.npmjs.org/fs-monkey/-/fs-monkey-1.1.0.tgz 3414ms (cache miss)
1725 http fetch GET 200 https://registry.npmjs.org/get-intrinsic/-/get-intrinsic-1.3.0.tgz 3416ms (cache miss)
1726 timing reifyNode:node_modules/get-intrinsic Completed in 3666ms
1727 http fetch GET 200 https://registry.npmjs.org/fsevents/-/fsevents-2.3.3.tgz 3415ms (cache miss)
1728 http fetch GET 200 https://registry.npmjs.org/function-bind/-/function-bind-1.1.2.tgz 3416ms (cache miss)
1729 timing reifyNode:node_modules/fs-monkey Completed in 3668ms
1730 http fetch GET 200 https://registry.npmjs.org/fraction.js/-/fraction.js-4.3.7.tgz 3416ms (cache miss)
1731 timing reifyNode:node_modules/fsevents Completed in 3671ms
1732 timing reifyNode:node_modules/function-bind Completed in 3671ms
1733 timing reifyNode:node_modules/fraction.js Completed in 3672ms
1734 http fetch GET 200 https://registry.npmjs.org/flatted/-/flatted-3.3.3.tgz 3421ms (cache miss)
1735 http fetch GET 200 https://registry.npmjs.org/for-each/-/for-each-0.3.5.tgz 3431ms (cache miss)
1736 timing reifyNode:node_modules/for-each Completed in 3686ms
1737 timing reifyNode:node_modules/flatted Completed in 3687ms
1738 http fetch GET 200 https://registry.npmjs.org/lightningcss-darwin-arm64/-/lightningcss-darwin-arm64-1.30.1.tgz 3466ms (cache miss)
1739 timing reifyNode:node_modules/lightningcss-darwin-arm64 Completed in 3689ms
1740 http fetch GET 200 https://registry.npmjs.org/flat-cache/-/flat-cache-3.2.0.tgz 3437ms (cache miss)
1741 timing reifyNode:node_modules/flat-cache Completed in 3691ms
1742 http fetch GET 200 https://registry.npmjs.org/fill-range/-/fill-range-7.1.1.tgz 3452ms (cache miss)
1743 timing reifyNode:node_modules/fill-range Completed in 3706ms
1744 http fetch GET 200 https://registry.npmjs.org/filter-obj/-/filter-obj-2.0.2.tgz 3452ms (cache miss)
1745 timing reifyNode:node_modules/filter-obj Completed in 3707ms
1746 http fetch GET 200 https://registry.npmjs.org/find-cache-dir/-/find-cache-dir-3.3.2.tgz 3452ms (cache miss)
1747 timing reifyNode:node_modules/find-cache-dir Completed in 3708ms
1748 http fetch GET 200 https://registry.npmjs.org/fast-json-stable-stringify/-/fast-json-stable-stringify-2.1.0.tgz 3463ms (cache miss)
1749 timing reifyNode:node_modules/fast-json-stable-stringify Completed in 3731ms
1750 http fetch GET 200 https://registry.npmjs.org/gl-matrix/-/gl-matrix-3.4.4.tgz 3492ms (cache miss)
1751 timing reifyNode:node_modules/gl-matrix Completed in 3740ms
1752 http fetch GET 200 https://registry.npmjs.org/fs-extra/-/fs-extra-10.1.0.tgz 3489ms (cache miss)
1753 timing reifyNode:node_modules/fs-extra Completed in 3750ms
1754 http fetch GET 200 https://registry.npmjs.org/filesize/-/filesize-10.1.6.tgz 3508ms (cache miss)
1755 timing reifyNode:node_modules/filesize Completed in 3765ms
1756 http fetch GET 200 https://registry.npmjs.org/find-up/-/find-up-7.0.0.tgz 3511ms (cache miss)
1757 timing reifyNode:node_modules/find-up Completed in 3765ms
1758 http fetch GET 200 https://registry.npmjs.org/foreground-child/-/foreground-child-3.3.1.tgz 3525ms (cache miss)
1759 http fetch GET 200 https://registry.npmjs.org/fast-json-parse/-/fast-json-parse-1.0.3.tgz 3521ms (cache miss)
1760 timing reifyNode:node_modules/fast-json-parse Completed in 3779ms
1761 http fetch GET 200 https://registry.npmjs.org/estree-walker/-/estree-walker-3.0.3.tgz 3522ms (cache miss)
1762 timing reifyNode:node_modules/foreground-child Completed in 3781ms
1763 http fetch GET 200 https://registry.npmjs.org/estraverse/-/estraverse-4.3.0.tgz 3524ms (cache miss)
1764 timing reifyNode:node_modules/estraverse Completed in 3783ms
1765 timing reifyNode:node_modules/estree-walker Completed in 3784ms
1766 http fetch GET 200 https://registry.npmjs.org/fast-deep-equal/-/fast-deep-equal-3.1.3.tgz 3531ms (cache miss)
1767 timing reifyNode:node_modules/fast-deep-equal Completed in 3791ms
1768 http fetch GET 200 https://registry.npmjs.org/expect-type/-/expect-type-1.2.2.tgz 3536ms (cache miss)
1769 http fetch GET 200 https://registry.npmjs.org/eslint-scope/-/eslint-scope-5.1.1.tgz 3535ms (cache miss)
1770 timing reifyNode:node_modules/expect-type Completed in 3795ms
1771 timing reifyNode:node_modules/eslint-scope Completed in 3796ms
1772 http fetch GET 200 https://registry.npmjs.org/hash.js/-/hash.js-1.1.7.tgz 3563ms (cache miss)
1773 http fetch GET 200 https://registry.npmjs.org/esutils/-/esutils-2.0.3.tgz 3548ms (cache miss)
1774 timing reifyNode:node_modules/esutils Completed in 3806ms
1775 http fetch GET 200 https://registry.npmjs.org/events/-/events-3.3.0.tgz 3554ms (cache miss)
1776 timing reifyNode:node_modules/events Completed in 3812ms
1777 timing reifyNode:node_modules/hash.js Completed in 3815ms
1778 http fetch GET 200 https://registry.npmjs.org/evp_bytestokey/-/evp_bytestokey-1.0.3.tgz 3558ms (cache miss)
1779 timing reifyNode:node_modules/evp_bytestokey Completed in 3817ms
1780 http fetch GET 200 https://registry.npmjs.org/fast-uri/-/fast-uri-3.1.0.tgz 3562ms (cache miss)
1781 timing reifyNode:node_modules/fast-uri Completed in 3822ms
1782 http fetch GET 200 https://registry.npmjs.org/esprima/-/esprima-4.0.1.tgz 3564ms (cache miss)
1783 timing reifyNode:node_modules/esprima Completed in 3824ms
1784 http fetch GET 200 https://registry.npmjs.org/escalade/-/escalade-3.2.0.tgz 3565ms (cache miss)
1785 timing reifyNode:node_modules/escalade Completed in 3828ms
1786 http fetch GET 200 https://registry.npmjs.org/es-module-lexer/-/es-module-lexer-1.7.0.tgz 3583ms (cache miss)
1787 timing reifyNode:node_modules/es-module-lexer Completed in 3846ms
1788 http fetch GET 200 https://registry.npmjs.org/fork-ts-checker-webpack-plugin/-/fork-ts-checker-webpack-plugin-8.0.0.tgz 3595ms (cache miss)
1789 timing reifyNode:node_modules/fork-ts-checker-webpack-plugin Completed in 3847ms
1790 http fetch GET 200 https://registry.npmjs.org/es-errors/-/es-errors-1.3.0.tgz 3586ms (cache miss)
1791 http fetch GET 200 https://registry.npmjs.org/esbuild-register/-/esbuild-register-3.6.0.tgz 3591ms (cache miss)
1792 timing reifyNode:node_modules/esbuild-register Completed in 3856ms
1793 http fetch GET 200 https://registry.npmjs.org/event-target-shim/-/event-target-shim-5.0.1.tgz 3596ms (cache miss)
1794 timing reifyNode:node_modules/event-target-shim Completed in 3857ms
1795 timing reifyNode:node_modules/es-errors Completed in 3857ms
1796 http fetch GET 200 https://registry.npmjs.org/esrecurse/-/esrecurse-4.3.0.tgz 3596ms (cache miss)
1797 timing reifyNode:node_modules/esrecurse Completed in 3858ms
1798 http fetch GET 200 https://registry.npmjs.org/es-define-property/-/es-define-property-1.0.1.tgz 3607ms (cache miss)
1799 timing reifyNode:node_modules/es-define-property Completed in 3871ms
1800 http fetch GET 200 https://registry.npmjs.org/error-ex/-/error-ex-1.3.4.tgz 3609ms (cache miss)
1801 timing reifyNode:node_modules/error-ex Completed in 3873ms
1802 http fetch GET 200 https://registry.npmjs.org/error-stack-parser/-/error-stack-parser-2.1.4.tgz 3611ms (cache miss)
1803 timing reifyNode:node_modules/error-stack-parser Completed in 3875ms
1804 http fetch GET 200 https://registry.npmjs.org/entities/-/entities-2.2.0.tgz 3610ms (cache miss)
1805 timing reifyNode:node_modules/entities Completed in 3876ms
1806 http fetch GET 200 https://registry.npmjs.org/esbuild/-/esbuild-0.25.10.tgz 3628ms (cache miss)
1807 timing reifyNode:node_modules/esbuild Completed in 3892ms
1808 http fetch GET 200 https://registry.npmjs.org/emoji-regex/-/emoji-regex-9.2.2.tgz 3631ms (cache miss)
1809 http fetch GET 200 https://registry.npmjs.org/env-paths/-/env-paths-2.2.1.tgz 3633ms (cache miss)
1810 timing reifyNode:node_modules/env-paths Completed in 3898ms
1811 http fetch GET 200 https://registry.npmjs.org/endent/-/endent-2.1.0.tgz 3633ms (cache miss)
1812 timing reifyNode:node_modules/endent Completed in 3900ms
1813 http fetch GET 200 https://registry.npmjs.org/emojis-list/-/emojis-list-3.0.0.tgz 3636ms (cache miss)
1814 timing reifyNode:node_modules/emojis-list Completed in 3903ms
1815 timing reifyNode:node_modules/emoji-regex Completed in 3905ms
1816 http fetch GET 200 https://registry.npmjs.org/enhanced-resolve/-/enhanced-resolve-5.18.3.tgz 3658ms (cache miss)
1817 timing reifyNode:node_modules/enhanced-resolve Completed in 3924ms
1818 http fetch GET 200 https://registry.npmjs.org/eastasianwidth/-/eastasianwidth-0.2.0.tgz 3666ms (cache miss)
1819 timing reifyNode:node_modules/eastasianwidth Completed in 3933ms
1820 http fetch GET 200 https://registry.npmjs.org/electron-to-chromium/-/electron-to-chromium-1.5.232.tgz 3668ms (cache miss)
1821 timing reifyNode:node_modules/electron-to-chromium Completed in 3935ms
1822 http fetch GET 200 https://registry.npmjs.org/domain-browser/-/domain-browser-4.23.0.tgz 3675ms (cache miss)
1823 timing reifyNode:node_modules/domain-browser Completed in 3943ms
1824 http fetch GET 200 https://registry.npmjs.org/dot-case/-/dot-case-3.0.4.tgz 3677ms (cache miss)
1825 timing reifyNode:node_modules/dot-case Completed in 3946ms
1826 http fetch GET 200 https://registry.npmjs.org/dom-converter/-/dom-converter-0.2.0.tgz 3698ms (cache miss)
1827 timing reifyNode:node_modules/dom-converter Completed in 3966ms
1828 http fetch GET 200 https://registry.npmjs.org/dom-serializer/-/dom-serializer-1.4.1.tgz 3707ms (cache miss)
1829 timing reifyNode:node_modules/dom-serializer Completed in 3981ms
1830 http fetch GET 200 https://registry.npmjs.org/dunder-proto/-/dunder-proto-1.0.1.tgz 3720ms (cache miss)
1831 timing reifyNode:node_modules/dunder-proto Completed in 3988ms
1832 http fetch GET 200 https://registry.npmjs.org/domhandler/-/domhandler-4.3.1.tgz 3721ms (cache miss)
1833 timing reifyNode:node_modules/domhandler Completed in 3989ms
1834 http fetch GET 200 https://registry.npmjs.org/earcut/-/earcut-3.0.2.tgz 3722ms (cache miss)
1835 timing reifyNode:node_modules/earcut Completed in 3991ms
1836 http fetch GET 200 https://registry.npmjs.org/dequal/-/dequal-2.0.3.tgz 3721ms (cache miss)
1837 http fetch GET 200 https://registry.npmjs.org/domutils/-/domutils-2.8.0.tgz 3722ms (cache miss)
1838 timing reifyNode:node_modules/domutils Completed in 3994ms
1839 timing reifyNode:node_modules/dequal Completed in 3993ms
1840 http fetch GET 200 https://registry.npmjs.org/doctrine/-/doctrine-3.0.0.tgz 3735ms (cache miss)
1841 timing reifyNode:node_modules/doctrine Completed in 4010ms
1842 http fetch GET 200 https://registry.npmjs.org/domelementtype/-/domelementtype-2.3.0.tgz 3744ms (cache miss)
1843 http fetch GET 200 https://registry.npmjs.org/des.js/-/des.js-1.1.0.tgz 3744ms (cache miss)
1844 timing reifyNode:node_modules/domelementtype Completed in 4016ms
1845 timing reifyNode:node_modules/des.js Completed in 4021ms
1846 http fetch GET 200 https://registry.npmjs.org/detect-libc/-/detect-libc-2.1.1.tgz 3751ms (cache miss)
1847 timing reifyNode:node_modules/detect-libc Completed in 4022ms
1848 http fetch GET 200 https://registry.npmjs.org/diffie-hellman/-/diffie-hellman-5.0.3.tgz 3750ms (cache miss)
1849 timing reifyNode:node_modules/diffie-hellman Completed in 4025ms
1850 http fetch GET 200 https://registry.npmjs.org/define-lazy-prop/-/define-lazy-prop-2.0.0.tgz 3759ms (cache miss)
1851 timing reifyNode:node_modules/define-lazy-prop Completed in 4034ms
1852 http fetch GET 200 https://registry.npmjs.org/deepmerge/-/deepmerge-4.3.1.tgz 3762ms (cache miss)
1853 http fetch GET 200 https://registry.npmjs.org/elliptic/-/elliptic-6.6.1.tgz 3773ms (cache miss)
1854 http fetch GET 200 https://registry.npmjs.org/dom-accessibility-api/-/dom-accessibility-api-0.5.16.tgz 3770ms (cache miss)
1855 timing reifyNode:node_modules/elliptic Completed in 4041ms
1856 timing reifyNode:node_modules/deepmerge Completed in 4040ms
1857 timing reifyNode:node_modules/dom-accessibility-api Completed in 4040ms
1858 http fetch GET 200 https://registry.npmjs.org/define-data-property/-/define-data-property-1.1.4.tgz 3769ms (cache miss)
1859 timing reifyNode:node_modules/define-data-property Completed in 4044ms
1860 http fetch GET 200 https://registry.npmjs.org/deep-eql/-/deep-eql-5.0.2.tgz 3770ms (cache miss)
1861 timing reifyNode:node_modules/deep-eql Completed in 4045ms
1862 http fetch GET 200 https://registry.npmjs.org/define-properties/-/define-properties-1.2.1.tgz 3771ms (cache miss)
1863 timing reifyNode:node_modules/define-properties Completed in 4045ms
1864 http fetch GET 200 https://registry.npmjs.org/cssesc/-/cssesc-3.0.0.tgz 3797ms (cache miss)
1865 timing reifyNode:node_modules/cssesc Completed in 4074ms
1866 http fetch GET 200 https://registry.npmjs.org/dedent/-/dedent-0.7.0.tgz 3804ms (cache miss)
1867 timing reifyNode:node_modules/dedent Completed in 4080ms
1868 http fetch GET 200 https://registry.npmjs.org/css.escape/-/css.escape-1.5.1.tgz 3804ms (cache miss)
1869 timing reifyNode:node_modules/css.escape Completed in 4082ms
1870 http fetch GET 200 https://registry.npmjs.org/css-loader/-/css-loader-7.1.2.tgz 3805ms (cache miss)
1871 timing reifyNode:node_modules/css-loader Completed in 4083ms
1872 http fetch GET 200 https://registry.npmjs.org/css-what/-/css-what-6.2.2.tgz 3812ms (cache miss)
1873 timing reifyNode:node_modules/css-what Completed in 4094ms
1874 http fetch GET 200 https://registry.npmjs.org/create-hash/-/create-hash-1.2.0.tgz 3815ms (cache miss)
1875 timing reifyNode:node_modules/create-hash Completed in 4095ms
1876 http fetch GET 200 https://registry.npmjs.org/debug/-/debug-4.4.3.tgz 3823ms (cache miss)
1877 timing reifyNode:node_modules/debug Completed in 4100ms
1878 http fetch GET 200 https://registry.npmjs.org/css-select/-/css-select-4.3.0.tgz 3821ms (cache miss)
1879 timing reifyNode:node_modules/css-select Completed in 4101ms
1880 http fetch GET 200 https://registry.npmjs.org/create-ecdh/-/create-ecdh-4.0.4.tgz 3825ms (cache miss)
1881 timing reifyNode:node_modules/create-ecdh Completed in 4104ms
1882 http fetch GET 200 https://registry.npmjs.org/core-util-is/-/core-util-is-1.0.3.tgz 3826ms (cache miss)
1883 timing reifyNode:node_modules/core-util-is Completed in 4106ms
1884 http fetch GET 200 https://registry.npmjs.org/cross-spawn/-/cross-spawn-7.0.6.tgz 3832ms (cache miss)
1885 timing reifyNode:node_modules/cross-spawn Completed in 4111ms
1886 http fetch GET 200 https://registry.npmjs.org/create-hmac/-/create-hmac-1.1.7.tgz 3849ms (cache miss)
1887 timing reifyNode:node_modules/create-hmac Completed in 4129ms
1888 http fetch GET 200 https://registry.npmjs.org/csscolorparser/-/csscolorparser-1.0.3.tgz 3854ms (cache miss)
1889 timing reifyNode:node_modules/csscolorparser Completed in 4131ms
1890 http fetch GET 200 https://registry.npmjs.org/cosmiconfig/-/cosmiconfig-7.1.0.tgz 3858ms (cache miss)
1891 timing reifyNode:node_modules/cosmiconfig Completed in 4139ms
1892 http fetch GET 200 https://registry.npmjs.org/crypto-browserify/-/crypto-browserify-3.12.1.tgz 3878ms (cache miss)
1893 timing reifyNode:node_modules/crypto-browserify Completed in 4160ms
1894 http fetch GET 200 https://registry.npmjs.org/core-js-compat/-/core-js-compat-3.45.1.tgz 3914ms (cache miss)
1895 timing reifyNode:node_modules/core-js-compat Completed in 4195ms
1896 http fetch GET 200 https://registry.npmjs.org/colorette/-/colorette-2.0.20.tgz 3942ms (cache miss)
1897 timing reifyNode:node_modules/colorette Completed in 4224ms
1898 http fetch GET 200 https://registry.npmjs.org/commondir/-/commondir-1.0.1.tgz 3945ms (cache miss)
1899 timing reifyNode:node_modules/commondir Completed in 4226ms
1900 http fetch GET 200 https://registry.npmjs.org/constants-browserify/-/constants-browserify-1.0.0.tgz 3953ms (cache miss)
1901 timing reifyNode:node_modules/constants-browserify Completed in 4234ms
1902 http fetch GET 200 https://registry.npmjs.org/color-name/-/color-name-1.1.4.tgz 3969ms (cache miss)
1903 timing reifyNode:node_modules/color-name Completed in 4251ms
1904 http fetch GET 200 https://registry.npmjs.org/concat-map/-/concat-map-0.0.1.tgz 3970ms (cache miss)
1905 timing reifyNode:node_modules/concat-map Completed in 4252ms
1906 http fetch GET 200 https://registry.npmjs.org/convert-source-map/-/convert-source-map-2.0.0.tgz 3972ms (cache miss)
1907 timing reifyNode:node_modules/convert-source-map Completed in 4253ms
1908 http fetch GET 200 https://registry.npmjs.org/console-browserify/-/console-browserify-1.2.0.tgz 3983ms (cache miss)
1909 timing reifyNode:node_modules/console-browserify Completed in 4266ms
1910 http fetch GET 200 https://registry.npmjs.org/color-convert/-/color-convert-2.0.1.tgz 3986ms (cache miss)
1911 timing reifyNode:node_modules/color-convert Completed in 4272ms
1912 http fetch GET 200 https://registry.npmjs.org/common-path-prefix/-/common-path-prefix-3.0.0.tgz 4024ms (cache miss)
1913 timing reifyNode:node_modules/common-path-prefix Completed in 4310ms
1914 http fetch GET 200 https://registry.npmjs.org/client-only/-/client-only-0.0.1.tgz 4042ms (cache miss)
1915 timing reifyNode:node_modules/client-only Completed in 4329ms
1916 http fetch GET 200 https://registry.npmjs.org/cipher-base/-/cipher-base-1.0.7.tgz 4065ms (cache miss)
1917 timing reifyNode:node_modules/cipher-base Completed in 4353ms
1918 http fetch GET 200 https://registry.npmjs.org/es-object-atoms/-/es-object-atoms-1.1.1.tgz 4067ms (cache miss)
1919 timing reifyNode:node_modules/es-object-atoms Completed in 4357ms
1920 http fetch GET 200 https://registry.npmjs.org/check-error/-/check-error-2.1.1.tgz 4073ms (cache miss)
1921 timing reifyNode:node_modules/check-error Completed in 4363ms
1922 http fetch GET 200 https://registry.npmjs.org/chrome-trace-event/-/chrome-trace-event-1.0.4.tgz 4076ms (cache miss)
1923 timing reifyNode:node_modules/chrome-trace-event Completed in 4364ms
1924 http fetch GET 200 https://registry.npmjs.org/cjs-module-lexer/-/cjs-module-lexer-1.4.3.tgz 4082ms (cache miss)
1925 timing reifyNode:node_modules/cjs-module-lexer Completed in 4369ms
1926 http fetch GET 200 https://registry.npmjs.org/chownr/-/chownr-3.0.0.tgz 4088ms (cache miss)
1927 http fetch GET 200 https://registry.npmjs.org/chokidar/-/chokidar-3.6.0.tgz 4090ms (cache miss)
1928 timing reifyNode:node_modules/chownr Completed in 4378ms
1929 timing reifyNode:node_modules/chokidar Completed in 4379ms
1930 http fetch GET 200 https://registry.npmjs.org/csstype/-/csstype-3.1.3.tgz 4127ms (cache miss)
1931 timing reifyNode:node_modules/csstype Completed in 4404ms
1932 http fetch GET 200 https://registry.npmjs.org/cheap-ruler/-/cheap-ruler-4.0.0.tgz 4115ms (cache miss)
1933 timing reifyNode:node_modules/cheap-ruler Completed in 4404ms
1934 http fetch GET 200 https://registry.npmjs.org/chalk/-/chalk-4.1.2.tgz 4131ms (cache miss)
1935 timing reifyNode:node_modules/chalk Completed in 4421ms
1936 http fetch GET 200 https://registry.npmjs.org/callsites/-/callsites-3.1.0.tgz 4156ms (cache miss)
1937 timing reifyNode:node_modules/callsites Completed in 4448ms
1938 http fetch GET 200 https://registry.npmjs.org/clean-css/-/clean-css-5.3.3.tgz 4181ms (cache miss)
1939 timing reifyNode:node_modules/clean-css Completed in 4468ms
1940 http fetch GET 200 https://registry.npmjs.org/call-bind-apply-helpers/-/call-bind-apply-helpers-1.0.2.tgz 4240ms (cache miss)
1941 http fetch GET 200 https://registry.npmjs.org/builtin-status-codes/-/builtin-status-codes-3.0.0.tgz 4240ms (cache miss)
1942 timing reifyNode:node_modules/builtin-status-codes Completed in 4531ms
1943 http fetch GET 200 https://registry.npmjs.org/buffer-xor/-/buffer-xor-1.0.3.tgz 4251ms (cache miss)
1944 timing reifyNode:node_modules/buffer-xor Completed in 4543ms
1945 http fetch GET 200 https://registry.npmjs.org/case-sensitive-paths-webpack-plugin/-/case-sensitive-paths-webpack-plugin-2.4.0.tgz 4253ms (cache miss)
1946 timing reifyNode:node_modules/case-sensitive-paths-webpack-plugin Completed in 4544ms
1947 http fetch GET 200 https://registry.npmjs.org/call-bound/-/call-bound-1.0.4.tgz 4253ms (cache miss)
1948 timing reifyNode:node_modules/call-bound Completed in 4544ms
1949 http fetch GET 200 https://registry.npmjs.org/camel-case/-/camel-case-4.1.2.tgz 4255ms (cache miss)
1950 timing reifyNode:node_modules/camel-case Completed in 4549ms
1951 timing reifyNode:node_modules/call-bind-apply-helpers Completed in 4554ms
1952 http fetch GET 200 https://registry.npmjs.org/browserslist/-/browserslist-4.26.3.tgz 4268ms (cache miss)
1953 http fetch GET 200 https://registry.npmjs.org/cac/-/cac-6.7.14.tgz 4273ms (cache miss)
1954 timing reifyNode:node_modules/browserslist Completed in 4566ms
1955 timing reifyNode:node_modules/cac Completed in 4567ms
1956 http fetch GET 200 https://registry.npmjs.org/buffer/-/buffer-6.0.3.tgz 4278ms (cache miss)
1957 timing reifyNode:node_modules/buffer Completed in 4571ms
1958 http fetch GET 200 https://registry.npmjs.org/browserify-cipher/-/browserify-cipher-1.0.1.tgz 4326ms (cache miss)
1959 timing reifyNode:node_modules/browserify-cipher Completed in 4621ms
1960 http fetch GET 200 https://registry.npmjs.org/buffer-from/-/buffer-from-1.1.2.tgz 4328ms (cache miss)
1961 timing reifyNode:node_modules/buffer-from Completed in 4621ms
1962 http fetch GET 200 https://registry.npmjs.org/browserify-sign/-/browserify-sign-4.2.5.tgz 4327ms (cache miss)
1963 timing reifyNode:node_modules/browserify-sign Completed in 4625ms
1964 http fetch GET 200 https://registry.npmjs.org/browserify-rsa/-/browserify-rsa-4.1.1.tgz 4333ms (cache miss)
1965 timing reifyNode:node_modules/browserify-rsa Completed in 4628ms
1966 http fetch GET 200 https://registry.npmjs.org/braces/-/braces-3.0.3.tgz 4335ms (cache miss)
1967 http fetch GET 200 https://registry.npmjs.org/browserify-des/-/browserify-des-1.0.2.tgz 4336ms (cache miss)
1968 timing reifyNode:node_modules/browserify-des Completed in 4633ms
1969 timing reifyNode:node_modules/braces Completed in 4635ms
1970 http fetch GET 200 https://registry.npmjs.org/chai/-/chai-5.3.3.tgz 4345ms (cache miss)
1971 timing reifyNode:node_modules/chai Completed in 4637ms
1972 http fetch GET 200 https://registry.npmjs.org/browserify-aes/-/browserify-aes-1.2.0.tgz 4344ms (cache miss)
1973 http fetch GET 200 https://registry.npmjs.org/browserify-zlib/-/browserify-zlib-0.2.0.tgz 4346ms (cache miss)
1974 timing reifyNode:node_modules/browserify-aes Completed in 4641ms
1975 timing reifyNode:node_modules/browserify-zlib Completed in 4642ms
1976 http fetch GET 200 https://registry.npmjs.org/boolbase/-/boolbase-1.0.0.tgz 4363ms (cache miss)
1977 timing reifyNode:node_modules/boolbase Completed in 4662ms
1978 http fetch GET 200 https://registry.npmjs.org/brace-expansion/-/brace-expansion-1.1.12.tgz 4373ms (cache miss)
1979 timing reifyNode:node_modules/brace-expansion Completed in 4671ms
1980 http fetch GET 200 https://registry.npmjs.org/better-opn/-/better-opn-3.0.2.tgz 4390ms (cache miss)
1981 timing reifyNode:node_modules/better-opn Completed in 4690ms
1982 http fetch GET 200 https://registry.npmjs.org/big.js/-/big.js-5.2.2.tgz 4394ms (cache miss)
1983 timing reifyNode:node_modules/big.js Completed in 4694ms
1984 http fetch GET 200 https://registry.npmjs.org/babel-plugin-polyfill-regenerator/-/babel-plugin-polyfill-regenerator-0.6.5.tgz 4404ms (cache miss)
1985 timing reifyNode:node_modules/babel-plugin-polyfill-regenerator Completed in 4704ms
1986 http fetch GET 200 https://registry.npmjs.org/brorand/-/brorand-1.1.0.tgz 4414ms (cache miss)
1987 timing reifyNode:node_modules/brorand Completed in 4712ms
1988 http fetch GET 200 https://registry.npmjs.org/base64-js/-/base64-js-1.5.1.tgz 4440ms (cache miss)
1989 timing reifyNode:node_modules/base64-js Completed in 4740ms
1990 http fetch GET 200 https://registry.npmjs.org/baseline-browser-mapping/-/baseline-browser-mapping-2.8.13.tgz 4443ms (cache miss)
1991 timing reifyNode:node_modules/baseline-browser-mapping Completed in 4743ms
1992 http fetch GET 200 https://registry.npmjs.org/call-bind/-/call-bind-1.0.8.tgz 4459ms (cache miss)
1993 http fetch GET 200 https://registry.npmjs.org/balanced-match/-/balanced-match-1.0.2.tgz 4458ms (cache miss)
1994 timing reifyNode:node_modules/balanced-match Completed in 4759ms
1995 http fetch GET 200 https://registry.npmjs.org/binary-extensions/-/binary-extensions-2.3.0.tgz 4458ms (cache miss)
1996 timing reifyNode:node_modules/binary-extensions Completed in 4760ms
1997 timing reifyNode:node_modules/call-bind Completed in 4764ms
1998 http fetch GET 200 https://registry.npmjs.org/commander/-/commander-8.3.0.tgz 4484ms (cache miss)
1999 timing reifyNode:node_modules/commander Completed in 4768ms
2000 http fetch GET 200 https://registry.npmjs.org/babel-plugin-polyfill-corejs3/-/babel-plugin-polyfill-corejs3-0.13.0.tgz 4473ms (cache miss)
2001 timing reifyNode:node_modules/babel-plugin-polyfill-corejs3 Completed in 4779ms
2002 http fetch GET 200 https://registry.npmjs.org/available-typed-arrays/-/available-typed-arrays-1.0.7.tgz 4478ms (cache miss)
2003 timing reifyNode:node_modules/available-typed-arrays Completed in 4782ms
2004 http fetch GET 200 https://registry.npmjs.org/ast-v8-to-istanbul/-/ast-v8-to-istanbul-0.3.5.tgz 4502ms (cache miss)
2005 timing reifyNode:node_modules/ast-v8-to-istanbul Completed in 4804ms
2006 http fetch GET 200 https://registry.npmjs.org/chromatic/-/chromatic-12.2.0.tgz 4530ms (cache miss)
2007 timing reifyNode:node_modules/chromatic Completed in 4819ms
2008 http fetch GET 200 https://registry.npmjs.org/babel-plugin-polyfill-corejs2/-/babel-plugin-polyfill-corejs2-0.4.14.tgz 4522ms (cache miss)
2009 http fetch GET 200 https://registry.npmjs.org/assertion-error/-/assertion-error-2.0.1.tgz 4521ms (cache miss)
2010 timing reifyNode:node_modules/assertion-error Completed in 4824ms
2011 timing reifyNode:node_modules/babel-plugin-polyfill-corejs2 Completed in 4825ms
2012 http fetch GET 200 https://registry.npmjs.org/asn1.js/-/asn1.js-4.10.1.tgz 4526ms (cache miss)
2013 http fetch GET 200 https://registry.npmjs.org/bn.js/-/bn.js-5.2.2.tgz 4530ms (cache miss)
2014 timing reifyNode:node_modules/bn.js Completed in 4832ms
2015 http fetch GET 200 https://registry.npmjs.org/assert/-/assert-2.1.0.tgz 4536ms (cache miss)
2016 timing reifyNode:node_modules/asn1.js Completed in 4841ms
2017 timing reifyNode:node_modules/assert Completed in 4842ms
2018 http fetch GET 200 https://registry.npmjs.org/argparse/-/argparse-2.0.1.tgz 4549ms (cache miss)
2019 timing reifyNode:node_modules/argparse Completed in 4853ms
2020 http fetch GET 200 https://registry.npmjs.org/autoprefixer/-/autoprefixer-10.4.21.tgz 4554ms (cache miss)
2021 timing reifyNode:node_modules/autoprefixer Completed in 4856ms
2022 http fetch GET 200 https://registry.npmjs.org/babel-loader/-/babel-loader-9.2.1.tgz 4575ms (cache miss)
2023 http fetch GET 200 https://registry.npmjs.org/anymatch/-/anymatch-3.1.3.tgz 4577ms (cache miss)
2024 timing reifyNode:node_modules/anymatch Completed in 4881ms
2025 timing reifyNode:node_modules/babel-loader Completed in 4885ms
2026 http fetch GET 200 https://registry.npmjs.org/ansi-html/-/ansi-html-0.0.9.tgz 4583ms (cache miss)
2027 timing reifyNode:node_modules/ansi-html Completed in 4887ms
2028 http fetch GET 200 https://registry.npmjs.org/ansi-styles/-/ansi-styles-4.3.0.tgz 4588ms (cache miss)
2029 timing reifyNode:node_modules/ansi-styles Completed in 4891ms
2030 http fetch GET 200 https://registry.npmjs.org/ansi-regex/-/ansi-regex-5.0.1.tgz 4593ms (cache miss)
2031 timing reifyNode:node_modules/ansi-regex Completed in 4897ms
2032 http fetch GET 200 https://registry.npmjs.org/ansi-html-community/-/ansi-html-community-0.0.8.tgz 4595ms (cache miss)
2033 timing reifyNode:node_modules/ansi-html-community Completed in 4899ms
2034 http fetch GET 200 https://registry.npmjs.org/acorn-import-phases/-/acorn-import-phases-1.0.4.tgz 4599ms (cache miss)
2035 timing reifyNode:node_modules/acorn-import-phases Completed in 4907ms
2036 http fetch GET 200 https://registry.npmjs.org/ajv-formats/-/ajv-formats-2.1.1.tgz 4610ms (cache miss)
2037 timing reifyNode:node_modules/ajv-formats Completed in 4928ms
2038 http fetch GET 200 https://registry.npmjs.org/adjust-sourcemap-loader/-/adjust-sourcemap-loader-4.0.0.tgz 4625ms (cache miss)
2039 http fetch GET 200 https://registry.npmjs.org/ast-types/-/ast-types-0.16.1.tgz 4637ms (cache miss)
2040 timing reifyNode:node_modules/ast-types Completed in 4943ms
2041 http fetch GET 200 https://registry.npmjs.org/axe-core/-/axe-core-4.10.3.tgz 4648ms (cache miss)
2042 timing reifyNode:node_modules/axe-core Completed in 4949ms
2043 timing reifyNode:node_modules/adjust-sourcemap-loader Completed in 4956ms
2044 http fetch GET 200 https://registry.npmjs.org/@webassemblyjs/wasm-gen/-/wasm-gen-1.14.1.tgz 4650ms (cache miss)
2045 http fetch GET 200 https://registry.npmjs.org/@webassemblyjs/wasm-opt/-/wasm-opt-1.14.1.tgz 4651ms (cache miss)
2046 timing reifyNode:node_modules/@webassemblyjs/wasm-opt Completed in 4960ms
2047 timing reifyNode:node_modules/@webassemblyjs/wasm-gen Completed in 4961ms
2048 http fetch GET 200 https://registry.npmjs.org/@webassemblyjs/wasm-parser/-/wasm-parser-1.14.1.tgz 4652ms (cache miss)
2049 timing reifyNode:node_modules/@webassemblyjs/wasm-parser Completed in 4963ms
2050 http fetch GET 200 https://registry.npmjs.org/@xtuc/ieee754/-/ieee754-1.2.0.tgz 4655ms (cache miss)
2051 timing reifyNode:node_modules/@xtuc/ieee754 Completed in 4964ms
2052 http fetch GET 200 https://registry.npmjs.org/acorn/-/acorn-8.15.0.tgz 4680ms (cache miss)
2053 timing reifyNode:node_modules/acorn Completed in 4988ms
2054 http fetch GET 200 https://registry.npmjs.org/@webassemblyjs/ieee754/-/ieee754-1.13.2.tgz 4678ms (cache miss)
2055 timing reifyNode:node_modules/@webassemblyjs/ieee754 Completed in 4989ms
2056 http fetch GET 200 https://registry.npmjs.org/aria-query/-/aria-query-5.3.0.tgz 4694ms (cache miss)
2057 timing reifyNode:node_modules/aria-query Completed in 4999ms
2058 http fetch GET 200 https://registry.npmjs.org/@webassemblyjs/leb128/-/leb128-1.13.2.tgz 4689ms (cache miss)
2059 timing reifyNode:node_modules/@webassemblyjs/leb128 Completed in 5001ms
2060 http fetch GET 200 https://registry.npmjs.org/ajv-keywords/-/ajv-keywords-5.1.0.tgz 4699ms (cache miss)
2061 http fetch GET 200 https://registry.npmjs.org/abort-controller/-/abort-controller-3.0.0.tgz 4693ms (cache miss)
2062 timing reifyNode:node_modules/abort-controller Completed in 5004ms
2063 timing reifyNode:node_modules/ajv-keywords Completed in 5004ms
2064 http fetch GET 200 https://registry.npmjs.org/@webassemblyjs/wast-printer/-/wast-printer-1.14.1.tgz 4704ms (cache miss)
2065 timing reifyNode:node_modules/@webassemblyjs/wast-printer Completed in 5015ms
2066 http fetch GET 200 https://registry.npmjs.org/@webassemblyjs/helper-buffer/-/helper-buffer-1.14.1.tgz 4704ms (cache miss)
2067 timing reifyNode:node_modules/@webassemblyjs/helper-buffer Completed in 5016ms
2068 http fetch GET 200 https://registry.npmjs.org/@webassemblyjs/helper-wasm-section/-/helper-wasm-section-1.14.1.tgz 4719ms (cache miss)
2069 timing reifyNode:node_modules/@webassemblyjs/helper-wasm-section Completed in 5031ms
2070 http fetch GET 200 https://registry.npmjs.org/@webassemblyjs/helper-wasm-bytecode/-/helper-wasm-bytecode-1.13.2.tgz 4724ms (cache miss)
2071 timing reifyNode:node_modules/@webassemblyjs/helper-wasm-bytecode Completed in 5037ms
2072 http fetch GET 200 https://registry.npmjs.org/@webassemblyjs/helper-numbers/-/helper-numbers-1.13.2.tgz 4726ms (cache miss)
2073 timing reifyNode:node_modules/@webassemblyjs/helper-numbers Completed in 5038ms
2074 http fetch GET 200 https://registry.npmjs.org/@webassemblyjs/helper-api-error/-/helper-api-error-1.13.2.tgz 4733ms (cache miss)
2075 timing reifyNode:node_modules/@webassemblyjs/helper-api-error Completed in 5046ms
2076 http fetch GET 200 https://registry.npmjs.org/@webassemblyjs/wasm-edit/-/wasm-edit-1.14.1.tgz 4737ms (cache miss)
2077 timing reifyNode:node_modules/@webassemblyjs/wasm-edit Completed in 5047ms
2078 http fetch GET 200 https://registry.npmjs.org/@webassemblyjs/utf8/-/utf8-1.13.2.tgz 4788ms (cache miss)
2079 timing reifyNode:node_modules/@webassemblyjs/utf8 Completed in 5106ms
2080 http fetch GET 200 https://registry.npmjs.org/@xtuc/long/-/long-4.2.2.tgz 4801ms (cache miss)
2081 timing reifyNode:node_modules/@xtuc/long Completed in 5109ms
2082 http fetch GET 200 https://registry.npmjs.org/@vitest/mocker/-/mocker-3.2.4.tgz 4829ms (cache miss)
2083 http fetch GET 200 https://registry.npmjs.org/@types/supercluster/-/supercluster-7.1.3.tgz 4830ms (cache miss)
2084 timing reifyNode:node_modules/@types/supercluster Completed in 5147ms
2085 timing reifyNode:node_modules/@vitest/mocker Completed in 5153ms
2086 http fetch GET 200 https://registry.npmjs.org/@webassemblyjs/floating-point-hex-parser/-/floating-point-hex-parser-1.13.2.tgz 4842ms (cache miss)
2087 timing reifyNode:node_modules/@webassemblyjs/floating-point-hex-parser Completed in 5156ms
2088 http fetch GET 200 https://registry.npmjs.org/@vitest/pretty-format/-/pretty-format-3.2.4.tgz 4852ms (cache miss)
2089 timing reifyNode:node_modules/@vitest/pretty-format Completed in 5168ms
2090 http fetch GET 200 https://registry.npmjs.org/@vitest/coverage-v8/-/coverage-v8-3.2.4.tgz 4857ms (cache miss)
2091 timing reifyNode:node_modules/@vitest/coverage-v8 Completed in 5179ms
2092 http fetch GET 200 https://registry.npmjs.org/@vitest/runner/-/runner-3.2.4.tgz 4867ms (cache miss)
2093 http fetch GET 200 https://registry.npmjs.org/@vitest/utils/-/utils-3.2.4.tgz 4868ms (cache miss)
2094 timing reifyNode:node_modules/@vitest/utils Completed in 5182ms
2095 timing reifyNode:node_modules/@vitest/runner Completed in 5183ms
2096 http fetch GET 200 https://registry.npmjs.org/@webassemblyjs/ast/-/ast-1.14.1.tgz 4879ms (cache miss)
2097 timing reifyNode:node_modules/@webassemblyjs/ast Completed in 5197ms
2098 http fetch GET 200 https://registry.npmjs.org/@vitest/snapshot/-/snapshot-3.2.4.tgz 4887ms (cache miss)
2099 timing reifyNode:node_modules/@vitest/snapshot Completed in 5204ms
2100 http fetch GET 200 https://registry.npmjs.org/@types/react-dom/-/react-dom-19.1.9.tgz 4898ms (cache miss)
2101 timing reifyNode:node_modules/@types/react-dom Completed in 5220ms
2102 http fetch GET 200 https://registry.npmjs.org/@types/parse-json/-/parse-json-4.0.2.tgz 4901ms (cache miss)
2103 timing reifyNode:node_modules/@types/parse-json Completed in 5222ms
2104 http fetch GET 200 https://registry.npmjs.org/@types/resolve/-/resolve-1.20.6.tgz 4913ms (cache miss)
2105 timing reifyNode:node_modules/@types/resolve Completed in 5232ms
2106 http fetch GET 200 https://registry.npmjs.org/@types/mapbox__point-geometry/-/mapbox__point-geometry-0.1.4.tgz 4915ms (cache miss)
2107 timing reifyNode:node_modules/@types/mapbox__point-geometry Completed in 5236ms
2108 http fetch GET 200 https://registry.npmjs.org/@types/json-schema/-/json-schema-7.0.15.tgz 4921ms (cache miss)
2109 timing reifyNode:node_modules/@types/json-schema Completed in 5243ms
2110 http fetch GET 200 https://registry.npmjs.org/@types/geojson-vt/-/geojson-vt-3.2.5.tgz 4922ms (cache miss)
2111 timing reifyNode:node_modules/@types/geojson-vt Completed in 5245ms
2112 http fetch GET 200 https://registry.npmjs.org/@types/geojson/-/geojson-7946.0.16.tgz 4957ms (cache miss)
2113 timing reifyNode:node_modules/@types/geojson Completed in 5279ms
2114 http fetch GET 200 https://registry.npmjs.org/@types/semver/-/semver-7.7.1.tgz 4961ms (cache miss)
2115 timing reifyNode:node_modules/@types/semver Completed in 5283ms
2116 http fetch GET 200 https://registry.npmjs.org/@types/estree/-/estree-1.0.8.tgz 4984ms (cache miss)
2117 timing reifyNode:node_modules/@types/estree Completed in 5307ms
2118 http fetch GET 200 https://registry.npmjs.org/@vitest/spy/-/spy-3.2.4.tgz 4987ms (cache miss)
2119 timing reifyNode:node_modules/@vitest/spy Completed in 5311ms
2120 http fetch GET 200 https://registry.npmjs.org/@types/pbf/-/pbf-3.0.5.tgz 4991ms (cache miss)
2121 timing reifyNode:node_modules/@types/pbf Completed in 5314ms
2122 http fetch GET 200 https://registry.npmjs.org/@vitest/browser/-/browser-3.2.4.tgz 4998ms (cache miss)
2123 timing reifyNode:node_modules/@vitest/browser Completed in 5316ms
2124 http fetch GET 200 https://registry.npmjs.org/@types/eslint-scope/-/eslint-scope-3.7.7.tgz 5010ms (cache miss)
2125 timing reifyNode:node_modules/@types/eslint-scope Completed in 5334ms
2126 http fetch GET 200 https://registry.npmjs.org/caniuse-lite/-/caniuse-lite-1.0.30001748.tgz 5066ms (cache miss)
2127 timing reifyNode:node_modules/caniuse-lite Completed in 5356ms
2128 http fetch GET 200 https://registry.npmjs.org/@types/babel__template/-/babel__template-7.4.4.tgz 5043ms (cache miss)
2129 timing reifyNode:node_modules/@types/babel__template Completed in 5369ms
2130 http fetch GET 200 https://registry.npmjs.org/@types/eslint/-/eslint-9.6.1.tgz 5047ms (cache miss)
2131 timing reifyNode:node_modules/@types/eslint Completed in 5370ms
2132 http fetch GET 200 https://registry.npmjs.org/@types/chai/-/chai-5.2.2.tgz 5048ms (cache miss)
2133 timing reifyNode:node_modules/@types/chai Completed in 5372ms
2134 http fetch GET 200 https://registry.npmjs.org/ajv/-/ajv-8.17.1.tgz 5064ms (cache miss)
2135 http fetch GET 200 https://registry.npmjs.org/@types/html-minifier-terser/-/html-minifier-terser-6.1.0.tgz 5049ms (cache miss)
2136 timing reifyNode:node_modules/@types/html-minifier-terser Completed in 5373ms
2137 timing reifyNode:node_modules/ajv Completed in 5374ms
2138 http fetch GET 200 https://registry.npmjs.org/@types/mdx/-/mdx-2.0.13.tgz 5066ms (cache miss)
2139 timing reifyNode:node_modules/@types/mdx Completed in 5390ms
2140 http fetch GET 200 https://registry.npmjs.org/@types/deep-eql/-/deep-eql-4.0.2.tgz 5069ms (cache miss)
2141 timing reifyNode:node_modules/@types/deep-eql Completed in 5394ms
2142 http fetch GET 200 https://registry.npmjs.org/@types/react/-/react-19.1.14.tgz 5085ms (cache miss)
2143 timing reifyNode:node_modules/@types/react Completed in 5406ms
2144 http fetch GET 200 https://registry.npmjs.org/@types/aria-query/-/aria-query-5.0.4.tgz 5085ms (cache miss)
2145 timing reifyNode:node_modules/@types/aria-query Completed in 5410ms
2146 http fetch GET 200 https://registry.npmjs.org/@types/babel__traverse/-/babel__traverse-7.28.0.tgz 5086ms (cache miss)
2147 timing reifyNode:node_modules/@types/babel__traverse Completed in 5412ms
2148 http fetch GET 200 https://registry.npmjs.org/@types/babel__core/-/babel__core-7.20.5.tgz 5092ms (cache miss)
2149 timing reifyNode:node_modules/@types/babel__core Completed in 5418ms
2150 http fetch GET 200 https://registry.npmjs.org/@types/node/-/node-20.19.17.tgz 5111ms (cache miss)
2151 timing reifyNode:node_modules/@types/node Completed in 5434ms
2152 http fetch GET 200 https://registry.npmjs.org/@vitest/expect/-/expect-3.2.4.tgz 5120ms (cache miss)
2153 timing reifyNode:node_modules/@vitest/expect Completed in 5437ms
2154 http fetch GET 200 https://registry.npmjs.org/@types/doctrine/-/doctrine-0.0.9.tgz 5118ms (cache miss)
2155 timing reifyNode:node_modules/@types/doctrine Completed in 5444ms
2156 http fetch GET 200 https://registry.npmjs.org/@tailwindcss/oxide/-/oxide-4.1.13.tgz 5147ms (cache miss)
2157 timing reifyNode:node_modules/@tailwindcss/oxide Completed in 5474ms
2158 http fetch GET 200 https://registry.npmjs.org/@testing-library/jest-dom/-/jest-dom-6.9.1.tgz 5164ms (cache miss)
2159 timing reifyNode:node_modules/@testing-library/jest-dom Completed in 5492ms
2160 http fetch GET 200 https://registry.npmjs.org/@testing-library/dom/-/dom-10.4.1.tgz 5214ms (cache miss)
2161 timing reifyNode:node_modules/@testing-library/dom Completed in 5543ms
2162 http fetch GET 200 https://registry.npmjs.org/@tailwindcss/node/-/node-4.1.13.tgz 5225ms (cache miss)
2163 timing reifyNode:node_modules/@tailwindcss/node Completed in 5556ms
2164 http fetch GET 200 https://registry.npmjs.org/@storybook/react-docgen-typescript-plugin/-/react-docgen-typescript-plugin-1.0.6--canary.9.0c3f3b7.0.tgz 5242ms (cache miss)
2165 timing reifyNode:node_modules/@storybook/react-docgen-typescript-plugin Completed in 5572ms
2166 http fetch GET 200 https://registry.npmjs.org/@storybook/global/-/global-5.0.0.tgz 5281ms (cache miss)
2167 timing reifyNode:node_modules/@storybook/global Completed in 5613ms
2168 http fetch GET 200 https://registry.npmjs.org/@types/babel__generator/-/babel__generator-7.27.0.tgz 5282ms (cache miss)
2169 timing reifyNode:node_modules/@types/babel__generator Completed in 5616ms
2170 http fetch GET 200 https://registry.npmjs.org/@storybook/icons/-/icons-1.6.0.tgz 5306ms (cache miss)
2171 timing reifyNode:node_modules/@storybook/icons Completed in 5638ms
2172 http fetch GET 200 https://registry.npmjs.org/@tailwindcss/postcss/-/postcss-4.1.13.tgz 5321ms (cache miss)
2173 timing reifyNode:node_modules/@tailwindcss/postcss Completed in 5649ms
2174 http fetch GET 200 https://registry.npmjs.org/@storybook/react-vite/-/react-vite-9.1.10.tgz 5324ms (cache miss)
2175 http fetch GET 200 https://registry.npmjs.org/@storybook/preset-react-webpack/-/preset-react-webpack-9.1.10.tgz 5328ms (cache miss)
2176 timing reifyNode:node_modules/@storybook/preset-react-webpack Completed in 5660ms
2177 http fetch GET 200 https://registry.npmjs.org/@storybook/react-dom-shim/-/react-dom-shim-9.1.10.tgz 5337ms (cache miss)
2178 timing reifyNode:node_modules/@storybook/react-vite Completed in 5671ms
2179 timing reifyNode:node_modules/@storybook/react-dom-shim Completed in 5671ms
2180 http fetch GET 200 https://registry.npmjs.org/@storybook/csf-plugin/-/csf-plugin-9.1.10.tgz 5350ms (cache miss)
2181 timing reifyNode:node_modules/@storybook/csf-plugin Completed in 5683ms
2182 http fetch GET 200 https://registry.npmjs.org/@storybook/builder-vite/-/builder-vite-9.1.10.tgz 5406ms (cache miss)
2183 timing reifyNode:node_modules/@storybook/builder-vite Completed in 5741ms
2184 http fetch GET 200 https://registry.npmjs.org/@storybook/react/-/react-9.1.10.tgz 5417ms (cache miss)
2185 http fetch GET 200 https://registry.npmjs.org/@storybook/core-webpack/-/core-webpack-9.1.10.tgz 5414ms (cache miss)
2186 timing reifyNode:node_modules/@storybook/core-webpack Completed in 5748ms
2187 timing reifyNode:node_modules/@storybook/react Completed in 5751ms
2188 http fetch GET 200 https://registry.npmjs.org/@storybook/addon-vitest/-/addon-vitest-9.1.10.tgz 5431ms (cache miss)
2189 timing reifyNode:node_modules/@storybook/addon-vitest Completed in 5768ms
2190 http fetch GET 200 https://registry.npmjs.org/@rollup/pluginutils/-/pluginutils-5.3.0.tgz 5435ms (cache miss)
2191 timing reifyNode:node_modules/@rollup/pluginutils Completed in 5773ms
2192 http fetch GET 200 https://registry.npmjs.org/@polka/url/-/url-1.0.0-next.29.tgz 5464ms (cache miss)
2193 timing reifyNode:node_modules/@polka/url Completed in 5800ms
2194 http fetch GET 200 https://registry.npmjs.org/@testing-library/user-event/-/user-event-14.6.1.tgz 5507ms (cache miss)
2195 timing reifyNode:node_modules/@testing-library/user-event Completed in 5839ms
2196 http fetch GET 200 https://registry.npmjs.org/@pkgjs/parseargs/-/parseargs-0.11.0.tgz 5513ms (cache miss)
2197 timing reifyNode:node_modules/@pkgjs/parseargs Completed in 5849ms
2198 http fetch GET 200 https://registry.npmjs.org/@storybook/addon-onboarding/-/addon-onboarding-9.1.10.tgz 5518ms (cache miss)
2199 timing reifyNode:node_modules/@storybook/addon-onboarding Completed in 5856ms
2200 http fetch GET 200 https://registry.npmjs.org/@neoconfetti/react/-/react-1.0.0.tgz 5523ms (cache miss)
2201 timing reifyNode:node_modules/@neoconfetti/react Completed in 5860ms
2202 http fetch GET 200 https://registry.npmjs.org/@storybook/addon-docs/-/addon-docs-9.1.10.tgz 5532ms (cache miss)
2203 timing reifyNode:node_modules/@storybook/addon-docs Completed in 5867ms
2204 http fetch GET 200 https://registry.npmjs.org/@swc/helpers/-/helpers-0.5.15.tgz 5588ms (cache miss)
2205 timing reifyNode:node_modules/@swc/helpers Completed in 5918ms
2206 http fetch GET 200 https://registry.npmjs.org/@mdx-js/react/-/react-3.1.1.tgz 5584ms (cache miss)
2207 timing reifyNode:node_modules/@mdx-js/react Completed in 5923ms
2208 http fetch GET 200 https://registry.npmjs.org/@mapbox/tiny-sdf/-/tiny-sdf-2.0.7.tgz 5602ms (cache miss)
2209 timing reifyNode:node_modules/@mapbox/tiny-sdf Completed in 5942ms
2210 http fetch GET 200 https://registry.npmjs.org/@mapbox/point-geometry/-/point-geometry-1.1.0.tgz 5611ms (cache miss)
2211 timing reifyNode:node_modules/@mapbox/point-geometry Completed in 5951ms
2212 http fetch GET 200 https://registry.npmjs.org/@next/env/-/env-15.5.4.tgz 5615ms (cache miss)
2213 timing reifyNode:node_modules/@next/env Completed in 5952ms
2214 http fetch GET 200 https://registry.npmjs.org/@mapbox/unitbezier/-/unitbezier-0.0.1.tgz 5622ms (cache miss)
2215 timing reifyNode:node_modules/@mapbox/unitbezier Completed in 5961ms
2216 http fetch GET 200 https://registry.npmjs.org/@storybook/builder-webpack5/-/builder-webpack5-9.1.10.tgz 5634ms (cache miss)
2217 timing reifyNode:node_modules/@storybook/builder-webpack5 Completed in 5974ms
2218 http fetch GET 200 https://registry.npmjs.org/@storybook/addon-a11y/-/addon-a11y-9.1.10.tgz 5676ms (cache miss)
2219 timing reifyNode:node_modules/@storybook/addon-a11y Completed in 6011ms
2220 http fetch GET 200 https://registry.npmjs.org/@mapbox/jsonlint-lines-primitives/-/jsonlint-lines-primitives-2.0.2.tgz 5670ms (cache miss)
2221 timing reifyNode:node_modules/@mapbox/jsonlint-lines-primitives Completed in 6012ms
2222 http fetch GET 200 https://registry.npmjs.org/@mapbox/vector-tile/-/vector-tile-2.0.4.tgz 5740ms (cache miss)
2223 timing reifyNode:node_modules/@mapbox/vector-tile Completed in 6086ms
2224 http fetch GET 200 https://registry.npmjs.org/@mapbox/mapbox-gl-supported/-/mapbox-gl-supported-3.0.0.tgz 5741ms (cache miss)
2225 timing reifyNode:node_modules/@mapbox/mapbox-gl-supported Completed in 6088ms
2226 http fetch GET 200 https://registry.npmjs.org/@mapbox/whoots-js/-/whoots-js-3.1.0.tgz 5746ms (cache miss)
2227 timing reifyNode:node_modules/@mapbox/whoots-js Completed in 6088ms
2228 http fetch GET 200 https://registry.npmjs.org/@jridgewell/sourcemap-codec/-/sourcemap-codec-1.5.5.tgz 5751ms (cache miss)
2229 timing reifyNode:node_modules/@jridgewell/sourcemap-codec Completed in 6100ms
2230 http fetch GET 200 https://registry.npmjs.org/@jridgewell/trace-mapping/-/trace-mapping-0.3.31.tgz 5762ms (cache miss)
2231 timing reifyNode:node_modules/@jridgewell/trace-mapping Completed in 6103ms
2232 http fetch GET 200 https://registry.npmjs.org/@pmmmwh/react-refresh-webpack-plugin/-/react-refresh-webpack-plugin-0.5.17.tgz 5771ms (cache miss)
2233 timing reifyNode:node_modules/@pmmmwh/react-refresh-webpack-plugin Completed in 6114ms
2234 http fetch GET 200 https://registry.npmjs.org/@rollup/rollup-darwin-arm64/-/rollup-darwin-arm64-4.52.4.tgz 5795ms (cache miss)
2235 timing reifyNode:node_modules/@rollup/rollup-darwin-arm64 Completed in 6130ms
2236 http fetch GET 200 https://registry.npmjs.org/@jridgewell/source-map/-/source-map-0.3.11.tgz 5854ms (cache miss)
2237 timing reifyNode:node_modules/@jridgewell/source-map Completed in 6207ms
2238 http fetch GET 200 https://registry.npmjs.org/@joshwooding/vite-plugin-react-docgen-typescript/-/vite-plugin-react-docgen-typescript-0.6.1.tgz 5860ms (cache miss)
2239 timing reifyNode:node_modules/@joshwooding/vite-plugin-react-docgen-typescript Completed in 6211ms
2240 http fetch GET 200 https://registry.npmjs.org/@isaacs/fs-minipass/-/fs-minipass-4.0.1.tgz 5865ms (cache miss)
2241 timing reifyNode:node_modules/@isaacs/fs-minipass Completed in 6214ms
2242 http fetch GET 200 https://registry.npmjs.org/@jridgewell/gen-mapping/-/gen-mapping-0.3.13.tgz 5872ms (cache miss)
2243 timing reifyNode:node_modules/@jridgewell/gen-mapping Completed in 6221ms
2244 http fetch GET 200 https://registry.npmjs.org/@jridgewell/resolve-uri/-/resolve-uri-3.1.2.tgz 5882ms (cache miss)
2245 timing reifyNode:node_modules/@jridgewell/resolve-uri Completed in 6233ms
2246 http fetch GET 200 https://registry.npmjs.org/@jridgewell/remapping/-/remapping-2.3.5.tgz 5906ms (cache miss)
2247 timing reifyNode:node_modules/@jridgewell/remapping Completed in 6255ms
2248 http fetch GET 200 https://registry.npmjs.org/core-js-pure/-/core-js-pure-3.45.1.tgz 5983ms (cache miss)
2249 timing reifyNode:node_modules/core-js-pure Completed in 6264ms
2250 http fetch GET 200 https://registry.npmjs.org/@istanbuljs/schema/-/schema-0.1.3.tgz 5933ms (cache miss)
2251 timing reifyNode:node_modules/@istanbuljs/schema Completed in 6279ms
2252 http fetch GET 200 https://registry.npmjs.org/@img/colour/-/colour-1.0.0.tgz 5961ms (cache miss)
2253 timing reifyNode:node_modules/@img/colour Completed in 6311ms
2254 http fetch GET 200 https://registry.npmjs.org/@img/sharp-darwin-arm64/-/sharp-darwin-arm64-0.34.4.tgz 5970ms (cache miss)
2255 timing reifyNode:node_modules/@img/sharp-darwin-arm64 Completed in 6320ms
2256 http fetch GET 200 https://registry.npmjs.org/@isaacs/cliui/-/cliui-8.0.2.tgz 6015ms (cache miss)
2257 timing reifyNode:node_modules/@isaacs/cliui Completed in 6364ms
2258 http fetch GET 200 https://registry.npmjs.org/@bcoe/v8-coverage/-/v8-coverage-1.0.2.tgz 6100ms (cache miss)
2259 timing reifyNode:node_modules/@bcoe/v8-coverage Completed in 6451ms
2260 http fetch GET 200 https://registry.npmjs.org/@babel/traverse/-/traverse-7.28.4.tgz 6225ms (cache miss)
2261 timing reifyNode:node_modules/@babel/traverse Completed in 6578ms
2262 http fetch GET 200 https://registry.npmjs.org/@tailwindcss/oxide-darwin-arm64/-/oxide-darwin-arm64-4.1.13.tgz 6253ms (cache miss)
2263 timing reifyNode:node_modules/@tailwindcss/oxide-darwin-arm64 Completed in 6581ms
2264 http fetch GET 200 https://registry.npmjs.org/@babel/preset-react/-/preset-react-7.27.1.tgz 6235ms (cache miss)
2265 timing reifyNode:node_modules/@babel/preset-react Completed in 6588ms
2266 http fetch GET 200 https://registry.npmjs.org/@emnapi/runtime/-/runtime-1.5.0.tgz 6243ms (cache miss)
2267 timing reifyNode:node_modules/@emnapi/runtime Completed in 6593ms
2268 http fetch GET 200 https://registry.npmjs.org/@babel/preset-typescript/-/preset-typescript-7.27.1.tgz 6245ms (cache miss)
2269 timing reifyNode:node_modules/@babel/preset-typescript Completed in 6597ms
2270 http fetch GET 200 https://registry.npmjs.org/@chromatic-com/storybook/-/storybook-4.1.1.tgz 6257ms (cache miss)
2271 timing reifyNode:node_modules/@chromatic-com/storybook Completed in 6608ms
2272 http fetch GET 200 https://registry.npmjs.org/@babel/runtime/-/runtime-7.28.4.tgz 6304ms (cache miss)
2273 timing reifyNode:node_modules/@babel/runtime Completed in 6657ms
2274 http fetch GET 200 https://registry.npmjs.org/@babel/plugin-transform-unicode-regex/-/plugin-transform-unicode-regex-7.27.1.tgz 6323ms (cache miss)
2275 timing reifyNode:node_modules/@babel/plugin-transform-unicode-regex Completed in 6676ms
2276 http fetch GET 200 https://registry.npmjs.org/@babel/plugin-transform-unicode-property-regex/-/plugin-transform-unicode-property-regex-7.27.1.tgz 6404ms (cache miss)
2277 timing reifyNode:node_modules/@babel/plugin-transform-unicode-property-regex Completed in 6759ms
2278 http fetch GET 200 https://registry.npmjs.org/@babel/plugin-transform-unicode-sets-regex/-/plugin-transform-unicode-sets-regex-7.27.1.tgz 6421ms (cache miss)
2279 timing reifyNode:node_modules/@babel/plugin-transform-unicode-sets-regex Completed in 6774ms
2280 http fetch GET 200 https://registry.npmjs.org/@babel/plugin-transform-sticky-regex/-/plugin-transform-sticky-regex-7.27.1.tgz 6423ms (cache miss)
2281 timing reifyNode:node_modules/@babel/plugin-transform-sticky-regex Completed in 6777ms
2282 http fetch GET 200 https://registry.npmjs.org/@babel/plugin-transform-template-literals/-/plugin-transform-template-literals-7.27.1.tgz 6431ms (cache miss)
2283 timing reifyNode:node_modules/@babel/plugin-transform-template-literals Completed in 6785ms
2284 http fetch GET 200 https://registry.npmjs.org/@babel/preset-modules/-/preset-modules-0.1.6-no-external-plugins.tgz 6434ms (cache miss)
2285 http fetch GET 200 https://registry.npmjs.org/@babel/plugin-transform-typeof-symbol/-/plugin-transform-typeof-symbol-7.27.1.tgz 6434ms (cache miss)
2286 timing reifyNode:node_modules/@babel/plugin-transform-typeof-symbol Completed in 6792ms
2287 http fetch GET 200 https://registry.npmjs.org/@babel/template/-/template-7.27.2.tgz 6442ms (cache miss)
2288 http fetch GET 200 https://registry.npmjs.org/@babel/plugin-transform-shorthand-properties/-/plugin-transform-shorthand-properties-7.27.1.tgz 6437ms (cache miss)
2289 timing reifyNode:node_modules/@babel/plugin-transform-shorthand-properties Completed in 6796ms
2290 timing reifyNode:node_modules/@babel/template Completed in 6796ms
2291 http fetch GET 200 https://registry.npmjs.org/@babel/types/-/types-7.28.4.tgz 6458ms (cache miss)
2292 timing reifyNode:node_modules/@babel/types Completed in 6810ms
2293 http fetch GET 200 https://registry.npmjs.org/@babel/preset-env/-/preset-env-7.28.3.tgz 6458ms (cache miss)
2294 timing reifyNode:node_modules/@babel/preset-env Completed in 6814ms
2295 timing reifyNode:node_modules/@babel/preset-modules Completed in 6816ms
2296 http fetch GET 200 https://registry.npmjs.org/@babel/plugin-transform-typescript/-/plugin-transform-typescript-7.28.0.tgz 6470ms (cache miss)
2297 timing reifyNode:node_modules/@babel/plugin-transform-typescript Completed in 6825ms
2298 http fetch GET 200 https://registry.npmjs.org/mapbox-gl/-/mapbox-gl-3.15.0.tgz 6621ms (cache miss)
2299 timing reifyNode:node_modules/mapbox-gl Completed in 6840ms
2300 http fetch GET 200 https://registry.npmjs.org/@babel/plugin-transform-react-jsx/-/plugin-transform-react-jsx-7.27.1.tgz 6485ms (cache miss)
2301 timing reifyNode:node_modules/@babel/plugin-transform-react-jsx Completed in 6846ms
2302 http fetch GET 200 https://registry.npmjs.org/@babel/plugin-transform-spread/-/plugin-transform-spread-7.27.1.tgz 6489ms (cache miss)
2303 timing reifyNode:node_modules/@babel/plugin-transform-spread Completed in 6848ms
2304 http fetch GET 200 https://registry.npmjs.org/@babel/plugin-transform-react-display-name/-/plugin-transform-react-display-name-7.28.0.tgz 6487ms (cache miss)
2305 timing reifyNode:node_modules/@babel/plugin-transform-react-display-name Completed in 6848ms
2306 http fetch GET 200 https://registry.npmjs.org/@babel/plugin-transform-regexp-modifiers/-/plugin-transform-regexp-modifiers-7.27.1.tgz 6503ms (cache miss)
2307 timing reifyNode:node_modules/@babel/plugin-transform-regexp-modifiers Completed in 6864ms
2308 http fetch GET 200 https://registry.npmjs.org/@babel/plugin-transform-react-jsx-development/-/plugin-transform-react-jsx-development-7.27.1.tgz 6504ms (cache miss)
2309 timing reifyNode:node_modules/@babel/plugin-transform-react-jsx-development Completed in 6865ms
2310 http fetch GET 200 https://registry.npmjs.org/@babel/plugin-transform-reserved-words/-/plugin-transform-reserved-words-7.27.1.tgz 6526ms (cache miss)
2311 timing reifyNode:node_modules/@babel/plugin-transform-reserved-words Completed in 6886ms
2312 http fetch GET 200 https://registry.npmjs.org/@babel/plugin-transform-property-literals/-/plugin-transform-property-literals-7.27.1.tgz 6524ms (cache miss)
2313 timing reifyNode:node_modules/@babel/plugin-transform-property-literals Completed in 6886ms
2314 http fetch GET 200 https://registry.npmjs.org/@babel/plugin-transform-react-pure-annotations/-/plugin-transform-react-pure-annotations-7.27.1.tgz 6537ms (cache miss)
2315 timing reifyNode:node_modules/@babel/plugin-transform-react-pure-annotations Completed in 6900ms
2316 http fetch GET 200 https://registry.npmjs.org/@babel/plugin-transform-private-property-in-object/-/plugin-transform-private-property-in-object-7.27.1.tgz 6554ms (cache miss)
2317 timing reifyNode:node_modules/@babel/plugin-transform-private-property-in-object Completed in 6918ms
2318 http fetch GET 200 https://registry.npmjs.org/@babel/plugin-transform-parameters/-/plugin-transform-parameters-7.27.7.tgz 6561ms (cache miss)
2319 http fetch GET 200 https://registry.npmjs.org/@babel/plugin-transform-regenerator/-/plugin-transform-regenerator-7.28.4.tgz 6565ms (cache miss)
2320 timing reifyNode:node_modules/@babel/plugin-transform-parameters Completed in 6925ms
2321 timing reifyNode:node_modules/@babel/plugin-transform-regenerator Completed in 6925ms
2322 http fetch GET 200 https://registry.npmjs.org/@babel/plugin-transform-object-super/-/plugin-transform-object-super-7.27.1.tgz 6611ms (cache miss)
2323 timing reifyNode:node_modules/@babel/plugin-transform-object-super Completed in 6976ms
2324 http fetch GET 200 https://registry.npmjs.org/@babel/plugin-transform-private-methods/-/plugin-transform-private-methods-7.27.1.tgz 6611ms (cache miss)
2325 timing reifyNode:node_modules/@babel/plugin-transform-private-methods Completed in 6976ms
2326 http fetch GET 200 https://registry.npmjs.org/@babel/plugin-transform-object-rest-spread/-/plugin-transform-object-rest-spread-7.28.4.tgz 6612ms (cache miss)
2327 timing reifyNode:node_modules/@babel/plugin-transform-object-rest-spread Completed in 6977ms
2328 http fetch GET 200 https://registry.npmjs.org/@babel/plugin-transform-numeric-separator/-/plugin-transform-numeric-separator-7.27.1.tgz 6613ms (cache miss)
2329 timing reifyNode:node_modules/@babel/plugin-transform-numeric-separator Completed in 6977ms
2330 http fetch GET 200 https://registry.npmjs.org/@babel/plugin-transform-optional-chaining/-/plugin-transform-optional-chaining-7.27.1.tgz 6617ms (cache miss)
2331 timing reifyNode:node_modules/@babel/plugin-transform-optional-chaining Completed in 6980ms
2332 http fetch GET 200 https://registry.npmjs.org/@babel/plugin-transform-optional-catch-binding/-/plugin-transform-optional-catch-binding-7.27.1.tgz 6614ms (cache miss)
2333 timing reifyNode:node_modules/@babel/plugin-transform-optional-catch-binding Completed in 6980ms
2334 http fetch GET 200 https://registry.npmjs.org/@babel/plugin-transform-runtime/-/plugin-transform-runtime-7.28.3.tgz 6622ms (cache miss)
2335 timing reifyNode:node_modules/@babel/plugin-transform-runtime Completed in 6983ms
2336 http fetch GET 200 https://registry.npmjs.org/@babel/plugin-transform-modules-umd/-/plugin-transform-modules-umd-7.27.1.tgz 6621ms (cache miss)
2337 timing reifyNode:node_modules/@babel/plugin-transform-modules-umd Completed in 6987ms
2338 http fetch GET 200 https://registry.npmjs.org/@babel/plugin-transform-named-capturing-groups-regex/-/plugin-transform-named-capturing-groups-regex-7.27.1.tgz 6623ms (cache miss)
2339 timing reifyNode:node_modules/@babel/plugin-transform-named-capturing-groups-regex Completed in 6990ms
2340 http fetch GET 200 https://registry.npmjs.org/@babel/plugin-transform-modules-systemjs/-/plugin-transform-modules-systemjs-7.27.1.tgz 6635ms (cache miss)
2341 timing reifyNode:node_modules/@babel/plugin-transform-modules-systemjs Completed in 7002ms
2342 http fetch GET 200 https://registry.npmjs.org/@babel/plugin-transform-logical-assignment-operators/-/plugin-transform-logical-assignment-operators-7.27.1.tgz 6662ms (cache miss)
2343 timing reifyNode:node_modules/@babel/plugin-transform-logical-assignment-operators Completed in 7029ms
2344 http fetch GET 200 https://registry.npmjs.org/@babel/plugin-transform-modules-amd/-/plugin-transform-modules-amd-7.27.1.tgz 6673ms (cache miss)
2345 timing reifyNode:node_modules/@babel/plugin-transform-modules-amd Completed in 7039ms
2346 http fetch GET 200 https://registry.npmjs.org/@babel/plugin-transform-json-strings/-/plugin-transform-json-strings-7.27.1.tgz 6674ms (cache miss)
2347 timing reifyNode:node_modules/@babel/plugin-transform-json-strings Completed in 7041ms
2348 http fetch GET 200 https://registry.npmjs.org/@babel/plugin-transform-nullish-coalescing-operator/-/plugin-transform-nullish-coalescing-operator-7.27.1.tgz 6679ms (cache miss)
2349 timing reifyNode:node_modules/@babel/plugin-transform-nullish-coalescing-operator Completed in 7048ms
2350 http fetch GET 200 https://registry.npmjs.org/@babel/plugin-transform-function-name/-/plugin-transform-function-name-7.27.1.tgz 6685ms (cache miss)
2351 timing reifyNode:node_modules/@babel/plugin-transform-function-name Completed in 7054ms
2352 http fetch GET 200 https://registry.npmjs.org/@babel/plugin-transform-new-target/-/plugin-transform-new-target-7.27.1.tgz 6696ms (cache miss)
2353 timing reifyNode:node_modules/@babel/plugin-transform-new-target Completed in 7064ms
2354 http fetch GET 200 https://registry.npmjs.org/@storybook/nextjs-vite/-/nextjs-vite-9.1.10.tgz 6739ms (cache miss)
2355 timing reifyNode:node_modules/@storybook/nextjs-vite Completed in 7071ms
2356 http fetch GET 200 https://registry.npmjs.org/@esbuild/darwin-arm64/-/darwin-arm64-0.25.10.tgz 6731ms (cache miss)
2357 timing reifyNode:node_modules/@esbuild/darwin-arm64 Completed in 7081ms
2358 http fetch GET 200 https://registry.npmjs.org/@babel/plugin-transform-unicode-escapes/-/plugin-transform-unicode-escapes-7.27.1.tgz 6719ms (cache miss)
2359 timing reifyNode:node_modules/@babel/plugin-transform-unicode-escapes Completed in 7087ms
2360 http fetch GET 200 https://registry.npmjs.org/@babel/plugin-transform-member-expression-literals/-/plugin-transform-member-expression-literals-7.27.1.tgz 6719ms (cache miss)
2361 timing reifyNode:node_modules/@babel/plugin-transform-member-expression-literals Completed in 7087ms
2362 http fetch GET 200 https://registry.npmjs.org/@babel/plugin-transform-modules-commonjs/-/plugin-transform-modules-commonjs-7.27.1.tgz 6740ms (cache miss)
2363 http fetch GET 200 https://registry.npmjs.org/@babel/plugin-transform-literals/-/plugin-transform-literals-7.27.1.tgz 6742ms (cache miss)
2364 timing reifyNode:node_modules/@babel/plugin-transform-literals Completed in 7110ms
2365 timing reifyNode:node_modules/@babel/plugin-transform-modules-commonjs Completed in 7110ms
2366 http fetch GET 200 https://registry.npmjs.org/@babel/plugin-transform-dynamic-import/-/plugin-transform-dynamic-import-7.27.1.tgz 6741ms (cache miss)
2367 timing reifyNode:node_modules/@babel/plugin-transform-dynamic-import Completed in 7112ms
2368 http fetch GET 200 https://registry.npmjs.org/@babel/plugin-transform-for-of/-/plugin-transform-for-of-7.27.1.tgz 6743ms (cache miss)
2369 timing reifyNode:node_modules/@babel/plugin-transform-for-of Completed in 7117ms
2370 http fetch GET 200 https://registry.npmjs.org/@babel/plugin-transform-exponentiation-operator/-/plugin-transform-exponentiation-operator-7.27.1.tgz 6749ms (cache miss)
2371 timing reifyNode:node_modules/@babel/plugin-transform-exponentiation-operator Completed in 7122ms
2372 http fetch GET 200 https://registry.npmjs.org/@babel/plugin-transform-duplicate-keys/-/plugin-transform-duplicate-keys-7.27.1.tgz 6750ms (cache miss)
2373 timing reifyNode:node_modules/@babel/plugin-transform-duplicate-keys Completed in 7122ms
2374 http fetch GET 200 https://registry.npmjs.org/@babel/plugin-transform-export-namespace-from/-/plugin-transform-export-namespace-from-7.27.1.tgz 6759ms (cache miss)
2375 timing reifyNode:node_modules/@babel/plugin-transform-export-namespace-from Completed in 7133ms
2376 http fetch GET 200 https://registry.npmjs.org/@babel/plugin-transform-computed-properties/-/plugin-transform-computed-properties-7.27.1.tgz 6767ms (cache miss)
2377 timing reifyNode:node_modules/@babel/plugin-transform-computed-properties Completed in 7142ms
2378 http fetch GET 200 https://registry.npmjs.org/@babel/plugin-transform-dotall-regex/-/plugin-transform-dotall-regex-7.27.1.tgz 6773ms (cache miss)
2379 timing reifyNode:node_modules/@babel/plugin-transform-dotall-regex Completed in 7147ms
2380 http fetch GET 200 https://registry.npmjs.org/@babel/plugin-transform-class-static-block/-/plugin-transform-class-static-block-7.28.3.tgz 6786ms (cache miss)
2381 timing reifyNode:node_modules/@babel/plugin-transform-class-static-block Completed in 7161ms
2382 http fetch GET 200 https://registry.npmjs.org/@babel/plugin-transform-destructuring/-/plugin-transform-destructuring-7.28.0.tgz 6790ms (cache miss)
2383 timing reifyNode:node_modules/@babel/plugin-transform-destructuring Completed in 7165ms
2384 http fetch GET 200 https://registry.npmjs.org/@babel/plugin-transform-duplicate-named-capturing-groups-regex/-/plugin-transform-duplicate-named-capturing-groups-regex-7.27.1.tgz 6801ms (cache miss)
2385 timing reifyNode:node_modules/@babel/plugin-transform-duplicate-named-capturing-groups-regex Completed in 7173ms
2386 http fetch GET 200 https://registry.npmjs.org/@babel/plugin-transform-classes/-/plugin-transform-classes-7.28.4.tgz 6804ms (cache miss)
2387 timing reifyNode:node_modules/@babel/plugin-transform-classes Completed in 7180ms
2388 http fetch GET 200 https://registry.npmjs.org/@babel/plugin-transform-explicit-resource-management/-/plugin-transform-explicit-resource-management-7.28.0.tgz 6816ms (cache miss)
2389 timing reifyNode:node_modules/@babel/plugin-transform-explicit-resource-management Completed in 7193ms
2390 http fetch GET 200 https://registry.npmjs.org/@babel/plugin-syntax-unicode-sets-regex/-/plugin-syntax-unicode-sets-regex-7.18.6.tgz 6815ms (cache miss)
2391 timing reifyNode:node_modules/@babel/plugin-syntax-unicode-sets-regex Completed in 7193ms
2392 http fetch GET 200 https://registry.npmjs.org/@babel/plugin-syntax-import-assertions/-/plugin-syntax-import-assertions-7.27.1.tgz 6820ms (cache miss)
2393 timing reifyNode:node_modules/@babel/plugin-syntax-import-assertions Completed in 7198ms
2394 http fetch GET 200 https://registry.npmjs.org/@babel/plugin-syntax-typescript/-/plugin-syntax-typescript-7.27.1.tgz 6826ms (cache miss)
2395 timing reifyNode:node_modules/@babel/plugin-syntax-typescript Completed in 7205ms
2396 http fetch GET 200 https://registry.npmjs.org/@babel/plugin-transform-class-properties/-/plugin-transform-class-properties-7.27.1.tgz 6838ms (cache miss)
2397 timing reifyNode:node_modules/@babel/plugin-transform-class-properties Completed in 7213ms
2398 http fetch GET 200 https://registry.npmjs.org/@babel/plugin-transform-block-scoping/-/plugin-transform-block-scoping-7.28.4.tgz 6843ms (cache miss)
2399 timing reifyNode:node_modules/@babel/plugin-transform-block-scoping Completed in 7219ms
2400 http fetch GET 200 https://registry.npmjs.org/@babel/plugin-syntax-jsx/-/plugin-syntax-jsx-7.27.1.tgz 6849ms (cache miss)
2401 timing reifyNode:node_modules/@babel/plugin-syntax-jsx Completed in 7229ms
2402 http fetch GET 200 https://registry.npmjs.org/@babel/plugin-syntax-import-attributes/-/plugin-syntax-import-attributes-7.27.1.tgz 6850ms (cache miss)
2403 timing reifyNode:node_modules/@babel/plugin-syntax-import-attributes Completed in 7229ms
2404 http fetch GET 200 https://registry.npmjs.org/@babel/plugin-syntax-bigint/-/plugin-syntax-bigint-7.8.3.tgz 6871ms (cache miss)
2405 timing reifyNode:node_modules/@babel/plugin-syntax-bigint Completed in 7251ms
2406 http fetch GET 200 https://registry.npmjs.org/@babel/plugin-syntax-dynamic-import/-/plugin-syntax-dynamic-import-7.8.3.tgz 6873ms (cache miss)
2407 timing reifyNode:node_modules/@babel/plugin-syntax-dynamic-import Completed in 7252ms
2408 http fetch GET 200 https://registry.npmjs.org/@babel/plugin-bugfix-v8-static-class-fields-redefine-readonly/-/plugin-bugfix-v8-static-class-fields-redefine-readonly-7.28.3.tgz 6883ms (cache miss)
2409 timing reifyNode:node_modules/@babel/plugin-bugfix-v8-static-class-fields-redefine-readonly Completed in 7265ms
2410 http fetch GET 200 https://registry.npmjs.org/@babel/plugin-proposal-private-property-in-object/-/plugin-proposal-private-property-in-object-7.21.0-placeholder-for-preset-env.2.tgz 6899ms (cache miss)
2411 timing reifyNode:node_modules/@babel/plugin-proposal-private-property-in-object Completed in 7280ms
2412 http fetch GET 200 https://registry.npmjs.org/@babel/plugin-transform-arrow-functions/-/plugin-transform-arrow-functions-7.27.1.tgz 6900ms (cache miss)
2413 timing reifyNode:node_modules/@babel/plugin-transform-arrow-functions Completed in 7280ms
2414 http fetch GET 200 https://registry.npmjs.org/@babel/plugin-bugfix-v8-spread-parameters-in-optional-chaining/-/plugin-bugfix-v8-spread-parameters-in-optional-chaining-7.27.1.tgz 6902ms (cache miss)
2415 timing reifyNode:node_modules/@babel/plugin-bugfix-v8-spread-parameters-in-optional-chaining Completed in 7283ms
2416 http fetch GET 200 https://registry.npmjs.org/@babel/plugin-bugfix-firefox-class-in-computed-class-key/-/plugin-bugfix-firefox-class-in-computed-class-key-7.27.1.tgz 6901ms (cache miss)
2417 timing reifyNode:node_modules/@babel/plugin-bugfix-firefox-class-in-computed-class-key Completed in 7284ms
2418 http fetch GET 200 https://registry.npmjs.org/@babel/plugin-transform-async-generator-functions/-/plugin-transform-async-generator-functions-7.28.0.tgz 6902ms (cache miss)
2419 timing reifyNode:node_modules/@babel/plugin-transform-async-generator-functions Completed in 7284ms
2420 http fetch GET 200 https://registry.npmjs.org/@babel/plugin-bugfix-safari-id-destructuring-collision-in-function-expression/-/plugin-bugfix-safari-id-destructuring-collision-in-function-expression-7.27.1.tgz 6902ms (cache miss)
2421 timing reifyNode:node_modules/@babel/plugin-bugfix-safari-id-destructuring-collision-in-function-expression Completed in 7285ms
2422 http fetch GET 200 https://registry.npmjs.org/@babel/plugin-transform-block-scoped-functions/-/plugin-transform-block-scoped-functions-7.27.1.tgz 6909ms (cache miss)
2423 timing reifyNode:node_modules/@babel/plugin-transform-block-scoped-functions Completed in 7286ms
2424 http fetch GET 200 https://registry.npmjs.org/@babel/plugin-bugfix-safari-class-field-initializer-scope/-/plugin-bugfix-safari-class-field-initializer-scope-7.27.1.tgz 6919ms (cache miss)
2425 timing reifyNode:node_modules/@babel/plugin-bugfix-safari-class-field-initializer-scope Completed in 7303ms
2426 http fetch GET 200 https://registry.npmjs.org/@babel/plugin-transform-async-to-generator/-/plugin-transform-async-to-generator-7.27.1.tgz 6928ms (cache miss)
2427 timing reifyNode:node_modules/@babel/plugin-transform-async-to-generator Completed in 7304ms
2428 http fetch GET 200 https://registry.npmjs.org/@babel/helper-validator-identifier/-/helper-validator-identifier-7.27.1.tgz 6959ms (cache miss)
2429 timing reifyNode:node_modules/@babel/helper-validator-identifier Completed in 7347ms
2430 http fetch GET 200 https://registry.npmjs.org/@babel/helper-validator-option/-/helper-validator-option-7.27.1.tgz 6959ms (cache miss)
2431 timing reifyNode:node_modules/@babel/helper-validator-option Completed in 7350ms
2432 http fetch GET 200 https://registry.npmjs.org/@babel/helper-optimise-call-expression/-/helper-optimise-call-expression-7.27.1.tgz 6980ms (cache miss)
2433 timing reifyNode:node_modules/@babel/helper-optimise-call-expression Completed in 7373ms
2434 http fetch GET 200 https://registry.npmjs.org/@babel/helper-replace-supers/-/helper-replace-supers-7.27.1.tgz 6982ms (cache miss)
2435 timing reifyNode:node_modules/@babel/helper-replace-supers Completed in 7374ms
2436 http fetch GET 200 https://registry.npmjs.org/@babel/helper-remap-async-to-generator/-/helper-remap-async-to-generator-7.27.1.tgz 6984ms (cache miss)
2437 timing reifyNode:node_modules/@babel/helper-remap-async-to-generator Completed in 7375ms
2438 http fetch GET 200 https://registry.npmjs.org/@babel/helper-skip-transparent-expression-wrappers/-/helper-skip-transparent-expression-wrappers-7.27.1.tgz 6986ms (cache miss)
2439 timing reifyNode:node_modules/@babel/helper-skip-transparent-expression-wrappers Completed in 7376ms
2440 http fetch GET 200 https://registry.npmjs.org/@babel/helper-wrap-function/-/helper-wrap-function-7.28.3.tgz 6985ms (cache miss)
2441 timing reifyNode:node_modules/@babel/helper-wrap-function Completed in 7378ms
2442 http fetch GET 200 https://registry.npmjs.org/@babel/helper-plugin-utils/-/helper-plugin-utils-7.27.1.tgz 6993ms (cache miss)
2443 timing reifyNode:node_modules/@babel/helper-plugin-utils Completed in 7388ms
2444 http fetch GET 200 https://registry.npmjs.org/@babel/helper-string-parser/-/helper-string-parser-7.27.1.tgz 7001ms (cache miss)
2445 timing reifyNode:node_modules/@babel/helper-string-parser Completed in 7390ms
2446 http fetch GET 200 https://registry.npmjs.org/@storybook/nextjs/-/nextjs-9.1.10.tgz 7073ms (cache miss)
2447 timing reifyNode:node_modules/@storybook/nextjs Completed in 7404ms
2448 http fetch GET 200 https://registry.npmjs.org/@babel/parser/-/parser-7.28.4.tgz 7015ms (cache miss)
2449 timing reifyNode:node_modules/@babel/parser Completed in 7403ms
2450 http fetch GET 200 https://registry.npmjs.org/@babel/helper-module-imports/-/helper-module-imports-7.27.1.tgz 7048ms (cache miss)
2451 http fetch GET 200 https://registry.npmjs.org/@babel/helper-globals/-/helper-globals-7.28.0.tgz 7051ms (cache miss)
2452 timing reifyNode:node_modules/@babel/helper-globals Completed in 7447ms
2453 http fetch GET 200 https://registry.npmjs.org/@babel/helper-create-regexp-features-plugin/-/helper-create-regexp-features-plugin-7.27.1.tgz 7048ms (cache miss)
2454 timing reifyNode:node_modules/@babel/helper-create-regexp-features-plugin Completed in 7449ms
2455 timing reifyNode:node_modules/@babel/helper-module-imports Completed in 7449ms
2456 http fetch GET 200 https://registry.npmjs.org/@babel/helper-compilation-targets/-/helper-compilation-targets-7.27.2.tgz 7060ms (cache miss)
2457 http fetch GET 200 https://registry.npmjs.org/@babel/helper-annotate-as-pure/-/helper-annotate-as-pure-7.27.3.tgz 7059ms (cache miss)
2458 timing reifyNode:node_modules/@babel/helper-annotate-as-pure Completed in 7461ms
2459 timing reifyNode:node_modules/@babel/helper-compilation-targets Completed in 7462ms
2460 http fetch GET 200 https://registry.npmjs.org/@babel/helper-module-transforms/-/helper-module-transforms-7.28.3.tgz 7073ms (cache miss)
2461 timing reifyNode:node_modules/@babel/helper-module-transforms Completed in 7468ms
2462 http fetch GET 200 https://registry.npmjs.org/@ampproject/remapping/-/remapping-2.3.0.tgz 7080ms (cache miss)
2463 http fetch GET 200 https://registry.npmjs.org/@babel/helpers/-/helpers-7.28.4.tgz 7101ms (cache miss)
2464 timing reifyNode:node_modules/@babel/helpers Completed in 7487ms
2465 timing reifyNode:node_modules/@ampproject/remapping Completed in 7489ms
2466 http fetch GET 200 https://registry.npmjs.org/@babel/compat-data/-/compat-data-7.28.4.tgz 7125ms (cache miss)
2467 http fetch GET 200 https://registry.npmjs.org/strip-ansi/-/strip-ansi-6.0.1.tgz 7130ms (cache miss)
2468 timing reifyNode:node_modules/wrap-ansi-cjs/node_modules/strip-ansi Completed in 7556ms
2469 http fetch GET 200 https://registry.npmjs.org/@babel/code-frame/-/code-frame-7.27.1.tgz 7136ms (cache miss)
2470 timing reifyNode:node_modules/@babel/code-frame Completed in 7539ms
2471 timing reifyNode:node_modules/@babel/compat-data Completed in 7539ms
2472 http fetch GET 200 https://registry.npmjs.org/@babel/helper-define-polyfill-provider/-/helper-define-polyfill-provider-0.6.5.tgz 7148ms (cache miss)
2473 http fetch GET 200 https://registry.npmjs.org/string-width/-/string-width-4.2.3.tgz 7140ms (cache miss)
2474 timing reifyNode:node_modules/wrap-ansi-cjs/node_modules/string-width Completed in 7563ms
2475 timing reifyNode:node_modules/@babel/helper-define-polyfill-provider Completed in 7549ms
2476 http fetch GET 200 https://registry.npmjs.org/@adobe/css-tools/-/css-tools-4.4.4.tgz 7155ms (cache miss)
2477 timing reifyNode:node_modules/@adobe/css-tools Completed in 7561ms
2478 http fetch GET 200 https://registry.npmjs.org/@babel/helper-member-expression-to-functions/-/helper-member-expression-to-functions-7.27.1.tgz 7174ms (cache miss)
2479 timing reifyNode:node_modules/@babel/helper-member-expression-to-functions Completed in 7580ms
2480 http fetch GET 200 https://registry.npmjs.org/strip-ansi/-/strip-ansi-6.0.1.tgz 7175ms (cache miss)
2481 timing reifyNode:node_modules/webpack-hot-middleware/node_modules/strip-ansi Completed in 7598ms
2482 http fetch GET 200 https://registry.npmjs.org/ansi-styles/-/ansi-styles-6.2.3.tgz 7176ms (cache miss)
2483 timing reifyNode:node_modules/wrap-ansi/node_modules/ansi-styles Completed in 7601ms
2484 http fetch GET 200 https://registry.npmjs.org/@alloc/quick-lru/-/quick-lru-5.2.0.tgz 7224ms (cache miss)
2485 timing reifyNode:node_modules/@alloc/quick-lru Completed in 7628ms
2486 http fetch GET 200 https://registry.npmjs.org/picomatch/-/picomatch-4.0.3.tgz 7220ms (cache miss)
2487 http fetch GET 200 https://registry.npmjs.org/fdir/-/fdir-6.5.0.tgz 7218ms (cache miss)
2488 http fetch GET 200 https://registry.npmjs.org/brace-expansion/-/brace-expansion-2.0.2.tgz 7222ms (cache miss)
2489 timing reifyNode:node_modules/test-exclude/node_modules/brace-expansion Completed in 7645ms
2490 timing reifyNode:node_modules/vite/node_modules/picomatch Completed in 7652ms
2491 http fetch GET 200 https://registry.npmjs.org/@babel/helper-create-class-features-plugin/-/helper-create-class-features-plugin-7.28.3.tgz 7235ms (cache miss)
2492 timing reifyNode:node_modules/@babel/helper-create-class-features-plugin Completed in 7637ms
2493 http fetch GET 200 https://registry.npmjs.org/js-tokens/-/js-tokens-9.0.1.tgz 7224ms (cache miss)
2494 timing reifyNode:node_modules/strip-literal/node_modules/js-tokens Completed in 7648ms
2495 timing reifyNode:node_modules/tinyglobby/node_modules/fdir Completed in 7649ms
2496 http fetch GET 200 https://registry.npmjs.org/@babel/generator/-/generator-7.28.3.tgz 7243ms (cache miss)
2497 timing reifyNode:node_modules/@babel/generator Completed in 7647ms
2498 http fetch GET 200 https://registry.npmjs.org/picomatch/-/picomatch-4.0.3.tgz 7250ms (cache miss)
2499 timing reifyNode:node_modules/vitest/node_modules/picomatch Completed in 7675ms
2500 http fetch GET 200 https://registry.npmjs.org/picomatch/-/picomatch-4.0.3.tgz 7255ms (cache miss)
2501 timing reifyNode:node_modules/tinyglobby/node_modules/picomatch Completed in 7684ms
2502 http fetch GET 200 https://registry.npmjs.org/fdir/-/fdir-6.5.0.tgz 7265ms (cache miss)
2503 http fetch GET 200 https://registry.npmjs.org/punycode/-/punycode-1.4.1.tgz 7266ms (cache miss)
2504 timing reifyNode:node_modules/url/node_modules/punycode Completed in 7696ms
2505 timing reifyNode:node_modules/vite/node_modules/fdir Completed in 7697ms
2506 http fetch GET 200 https://registry.npmjs.org/string_decoder/-/string_decoder-1.1.1.tgz 7289ms (cache miss)
2507 timing reifyNode:node_modules/ripemd160/node_modules/string_decoder Completed in 7717ms
2508 http fetch GET 200 https://registry.npmjs.org/emoji-regex/-/emoji-regex-8.0.0.tgz 7299ms (cache miss)
2509 http fetch GET 200 https://registry.npmjs.org/strip-ansi/-/strip-ansi-6.0.1.tgz 7300ms (cache miss)
2510 timing reifyNode:node_modules/string-width-cjs/node_modules/strip-ansi Completed in 7728ms
2511 http fetch GET 200 https://registry.npmjs.org/commander/-/commander-2.20.3.tgz 7305ms (cache miss)
2512 timing reifyNode:node_modules/terser/node_modules/commander Completed in 7731ms
2513 timing reifyNode:node_modules/string-width-cjs/node_modules/emoji-regex Completed in 7732ms
2514 http fetch GET 200 https://registry.npmjs.org/emoji-regex/-/emoji-regex-8.0.0.tgz 7324ms (cache miss)
2515 timing reifyNode:node_modules/wrap-ansi-cjs/node_modules/emoji-regex Completed in 7758ms
2516 http fetch GET 200 https://registry.npmjs.org/readable-stream/-/readable-stream-3.6.2.tgz 7326ms (cache miss)
2517 http fetch GET 200 https://registry.npmjs.org/minimatch/-/minimatch-9.0.5.tgz 7327ms (cache miss)
2518 timing reifyNode:node_modules/stream-browserify/node_modules/readable-stream Completed in 7754ms
2519 http fetch GET 200 https://registry.npmjs.org/readable-stream/-/readable-stream-3.6.2.tgz 7327ms (cache miss)
2520 timing reifyNode:node_modules/test-exclude/node_modules/minimatch Completed in 7757ms
2521 timing reifyNode:node_modules/stream-http/node_modules/readable-stream Completed in 7758ms
2522 http fetch GET 200 https://registry.npmjs.org/glob/-/glob-10.4.5.tgz 7334ms (cache miss)
2523 http fetch GET 200 https://registry.npmjs.org/strip-ansi/-/strip-ansi-6.0.1.tgz 7326ms (cache miss)
2524 timing reifyNode:node_modules/renderkid/node_modules/strip-ansi Completed in 7755ms
2525 timing reifyNode:node_modules/test-exclude/node_modules/glob Completed in 7772ms
2526 http fetch GET 200 https://registry.npmjs.org/hash-base/-/hash-base-3.1.2.tgz 7352ms (cache miss)
2527 timing reifyNode:node_modules/ripemd160/node_modules/hash-base Completed in 7781ms
2528 http fetch GET 200 https://registry.npmjs.org/loader-utils/-/loader-utils-2.0.4.tgz 7355ms (cache miss)
2529 timing reifyNode:node_modules/resolve-url-loader/node_modules/loader-utils Completed in 7801ms
2530 http fetch GET 200 https://registry.npmjs.org/convert-source-map/-/convert-source-map-1.9.0.tgz 7372ms (cache miss)
2531 timing reifyNode:node_modules/resolve-url-loader/node_modules/convert-source-map Completed in 7804ms
2532 http fetch GET 200 https://registry.npmjs.org/strip-indent/-/strip-indent-3.0.0.tgz 7385ms (cache miss)
2533 timing reifyNode:node_modules/redent/node_modules/strip-indent Completed in 7815ms
2534 http fetch GET 200 https://registry.npmjs.org/ansi-regex/-/ansi-regex-6.2.2.tgz 7389ms (cache miss)
2535 timing reifyNode:node_modules/strip-ansi/node_modules/ansi-regex Completed in 7823ms
2536 http fetch GET 200 https://registry.npmjs.org/readable-stream/-/readable-stream-2.3.8.tgz 7394ms (cache miss)
2537 timing reifyNode:node_modules/ripemd160/node_modules/readable-stream Completed in 7822ms
2538 http fetch GET 200 https://registry.npmjs.org/safe-buffer/-/safe-buffer-5.1.2.tgz 7389ms (cache miss)
2539 timing reifyNode:node_modules/ripemd160/node_modules/string_decoder/node_modules/safe-buffer Completed in 7822ms
2540 http fetch GET 200 https://registry.npmjs.org/isarray/-/isarray-1.0.0.tgz 7397ms (cache miss)
2541 timing reifyNode:node_modules/ripemd160/node_modules/isarray Completed in 7827ms
2542 http fetch GET 200 https://registry.npmjs.org/@babel/core/-/core-7.28.4.tgz 7417ms (cache miss)
2543 timing reifyNode:node_modules/@babel/core Completed in 7823ms
2544 http fetch GET 200 https://registry.npmjs.org/fsevents/-/fsevents-2.3.2.tgz 7410ms (cache miss)
2545 http fetch GET 200 https://registry.npmjs.org/safe-buffer/-/safe-buffer-5.1.2.tgz 7411ms (cache miss)
2546 timing reifyNode:node_modules/ripemd160/node_modules/readable-stream/node_modules/safe-buffer Completed in 7844ms
2547 timing reifyNode:node_modules/playwright/node_modules/fsevents Completed in 7843ms
2548 http fetch GET 200 https://registry.npmjs.org/source-map/-/source-map-0.6.1.tgz 7418ms (cache miss)
2549 timing reifyNode:node_modules/resolve-url-loader/node_modules/source-map Completed in 7845ms
2550 http fetch GET 200 https://registry.npmjs.org/source-map/-/source-map-0.6.1.tgz 7416ms (cache miss)
2551 timing reifyNode:node_modules/recast/node_modules/source-map Completed in 7846ms
2552 http fetch GET 200 https://registry.npmjs.org/locate-path/-/locate-path-5.0.0.tgz 7415ms (cache miss)
2553 timing reifyNode:node_modules/pkg-dir/node_modules/locate-path Completed in 7848ms
2554 http fetch GET 200 https://registry.npmjs.org/p-locate/-/p-locate-4.1.0.tgz 7427ms (cache miss)
2555 timing reifyNode:node_modules/pkg-dir/node_modules/p-locate Completed in 7863ms
2556 http fetch GET 200 https://registry.npmjs.org/cosmiconfig/-/cosmiconfig-9.0.0.tgz 7432ms (cache miss)
2557 timing reifyNode:node_modules/postcss-loader/node_modules/cosmiconfig Completed in 7866ms
2558 http fetch GET 200 https://registry.npmjs.org/path-exists/-/path-exists-4.0.0.tgz 7439ms (cache miss)
2559 timing reifyNode:node_modules/pkg-dir/node_modules/path-exists Completed in 7871ms
2560 http fetch GET 200 https://registry.npmjs.org/p-limit/-/p-limit-2.3.0.tgz 7443ms (cache miss)
2561 timing reifyNode:node_modules/pkg-dir/node_modules/p-limit Completed in 7880ms
2562 http fetch GET 200 https://registry.npmjs.org/ansi-styles/-/ansi-styles-5.2.0.tgz 7448ms (cache miss)
2563 timing reifyNode:node_modules/pretty-format/node_modules/ansi-styles Completed in 7881ms
2564 http fetch GET 200 https://registry.npmjs.org/bn.js/-/bn.js-4.12.2.tgz 7453ms (cache miss)
2565 timing reifyNode:node_modules/miller-rabin/node_modules/bn.js Completed in 7891ms
2566 http fetch GET 200 https://registry.npmjs.org/lru-cache/-/lru-cache-10.4.3.tgz 7464ms (cache miss)
2567 timing reifyNode:node_modules/path-scurry/node_modules/lru-cache Completed in 7901ms
2568 http fetch GET 200 https://registry.npmjs.org/bn.js/-/bn.js-4.12.2.tgz 7471ms (cache miss)
2569 timing reifyNode:node_modules/public-encrypt/node_modules/bn.js Completed in 7909ms
2570 http fetch GET 200 https://registry.npmjs.org/make-dir/-/make-dir-4.0.0.tgz 7479ms (cache miss)
2571 timing reifyNode:node_modules/istanbul-lib-report/node_modules/make-dir Completed in 7917ms
2572 http fetch GET 200 https://registry.npmjs.org/semver/-/semver-6.3.1.tgz 7487ms (cache miss)
2573 timing reifyNode:node_modules/make-dir/node_modules/semver Completed in 7926ms
2574 http fetch GET 200 https://registry.npmjs.org/supports-color/-/supports-color-8.1.1.tgz 7501ms (cache miss)
2575 timing reifyNode:node_modules/jest-worker/node_modules/supports-color Completed in 7941ms
2576 http fetch GET 200 https://registry.npmjs.org/json-schema-traverse/-/json-schema-traverse-0.4.1.tgz 7501ms (cache miss)
2577 http fetch GET 200 https://registry.npmjs.org/yallist/-/yallist-3.1.1.tgz 7503ms (cache miss)
2578 timing reifyNode:node_modules/lru-cache/node_modules/yallist Completed in 7941ms
2579 timing reifyNode:node_modules/fork-ts-checker-webpack-plugin/node_modules/json-schema-traverse Completed in 7941ms
2580 http fetch GET 200 https://registry.npmjs.org/estraverse/-/estraverse-5.3.0.tgz 7526ms (cache miss)
2581 timing reifyNode:node_modules/esrecurse/node_modules/estraverse Completed in 7967ms
2582 http fetch GET 200 https://registry.npmjs.org/bn.js/-/bn.js-4.12.2.tgz 7526ms (cache miss)
2583 timing reifyNode:node_modules/elliptic/node_modules/bn.js Completed in 7968ms
2584 http fetch GET 200 https://registry.npmjs.org/postcss/-/postcss-8.4.31.tgz 7534ms (cache miss)
2585 timing reifyNode:node_modules/next/node_modules/postcss Completed in 7972ms
2586 http fetch GET 200 https://registry.npmjs.org/schema-utils/-/schema-utils-3.3.0.tgz 7531ms (cache miss)
2587 timing reifyNode:node_modules/fork-ts-checker-webpack-plugin/node_modules/schema-utils Completed in 7972ms
2588 http fetch GET 200 https://registry.npmjs.org/bn.js/-/bn.js-4.12.2.tgz 7556ms (cache miss)
2589 timing reifyNode:node_modules/diffie-hellman/node_modules/bn.js Completed in 7996ms
2590 http fetch GET 200 https://registry.npmjs.org/bn.js/-/bn.js-4.12.2.tgz 7558ms (cache miss)
2591 timing reifyNode:node_modules/create-ecdh/node_modules/bn.js Completed in 7999ms
2592 http fetch GET 200 https://registry.npmjs.org/ajv-keywords/-/ajv-keywords-3.5.2.tgz 7559ms (cache miss)
2593 timing reifyNode:node_modules/fork-ts-checker-webpack-plugin/node_modules/ajv-keywords Completed in 8001ms
2594 http fetch GET 200 https://registry.npmjs.org/isarray/-/isarray-1.0.0.tgz 7743ms (cache miss)
2595 timing reifyNode:node_modules/browserify-sign/node_modules/isarray Completed in 8188ms
2596 http fetch GET 200 https://registry.npmjs.org/string_decoder/-/string_decoder-1.1.1.tgz 7746ms (cache miss)
2597 timing reifyNode:node_modules/browserify-sign/node_modules/string_decoder Completed in 8188ms
2598 http fetch GET 200 https://registry.npmjs.org/find-cache-dir/-/find-cache-dir-4.0.0.tgz 7743ms (cache miss)
2599 timing reifyNode:node_modules/babel-loader/node_modules/find-cache-dir Completed in 8189ms
2600 http fetch GET 200 https://registry.npmjs.org/pkg-dir/-/pkg-dir-7.0.0.tgz 7742ms (cache miss)
2601 timing reifyNode:node_modules/babel-loader/node_modules/pkg-dir Completed in 8189ms
2602 http fetch GET 200 https://registry.npmjs.org/safe-buffer/-/safe-buffer-5.1.2.tgz 7744ms (cache miss)
2603 timing reifyNode:node_modules/browserify-sign/node_modules/readable-stream/node_modules/safe-buffer Completed in 8189ms
2604 http fetch GET 200 https://registry.npmjs.org/safe-buffer/-/safe-buffer-5.1.2.tgz 7746ms (cache miss)
2605 timing reifyNode:node_modules/browserify-sign/node_modules/string_decoder/node_modules/safe-buffer Completed in 8190ms
2606 http fetch GET 200 https://registry.npmjs.org/find-up/-/find-up-6.3.0.tgz 7745ms (cache miss)
2607 timing reifyNode:node_modules/babel-loader/node_modules/find-up Completed in 8190ms
2608 http fetch GET 200 https://registry.npmjs.org/semver/-/semver-6.3.1.tgz 7746ms (cache miss)
2609 timing reifyNode:node_modules/babel-plugin-polyfill-corejs2/node_modules/semver Completed in 8191ms
2610 http fetch GET 200 https://registry.npmjs.org/bn.js/-/bn.js-4.12.2.tgz 7745ms (cache miss)
2611 timing reifyNode:node_modules/asn1.js/node_modules/bn.js Completed in 8191ms
2612 http fetch GET 200 https://registry.npmjs.org/js-tokens/-/js-tokens-9.0.1.tgz 7741ms (cache miss)
2613 timing reifyNode:node_modules/ast-v8-to-istanbul/node_modules/js-tokens Completed in 8192ms
2614 http fetch GET 200 https://registry.npmjs.org/estree-walker/-/estree-walker-2.0.2.tgz 7753ms (cache miss)
2615 http fetch GET 200 https://registry.npmjs.org/readable-stream/-/readable-stream-2.3.8.tgz 7763ms (cache miss)
2616 http fetch GET 200 https://registry.npmjs.org/css-loader/-/css-loader-6.11.0.tgz 7756ms (cache miss)
2617 timing reifyNode:node_modules/browserify-sign/node_modules/readable-stream Completed in 8208ms
2618 timing reifyNode:node_modules/@storybook/nextjs/node_modules/css-loader Completed in 8208ms
2619 http fetch GET 200 https://registry.npmjs.org/loader-utils/-/loader-utils-2.0.4.tgz 7763ms (cache miss)
2620 timing reifyNode:node_modules/@rollup/pluginutils/node_modules/estree-walker Completed in 8214ms
2621 http fetch GET 200 https://registry.npmjs.org/style-loader/-/style-loader-3.3.4.tgz 7767ms (cache miss)
2622 timing reifyNode:node_modules/@storybook/nextjs/node_modules/style-loader Completed in 8216ms
2623 timing reifyNode:node_modules/adjust-sourcemap-loader/node_modules/loader-utils Completed in 8219ms
2624 http fetch GET 200 https://registry.npmjs.org/picomatch/-/picomatch-4.0.3.tgz 7773ms (cache miss)
2625 timing reifyNode:node_modules/@rollup/pluginutils/node_modules/picomatch Completed in 8222ms
2626 http fetch GET 200 https://registry.npmjs.org/semver/-/semver-6.3.1.tgz 7771ms (cache miss)
2627 timing reifyNode:node_modules/@babel/preset-env/node_modules/semver Completed in 8222ms
2628 http fetch GET 200 https://registry.npmjs.org/style-loader/-/style-loader-3.3.4.tgz 7785ms (cache miss)
2629 http fetch GET 200 https://registry.npmjs.org/source-map/-/source-map-0.6.1.tgz 7795ms (cache miss)
2630 timing reifyNode:node_modules/clean-css/node_modules/source-map Completed in 8237ms
2631 timing reifyNode:node_modules/@storybook/builder-webpack5/node_modules/style-loader Completed in 8236ms
2632 http fetch GET 200 https://registry.npmjs.org/yaml/-/yaml-1.10.2.tgz 7803ms (cache miss)
2633 timing reifyNode:node_modules/cosmiconfig/node_modules/yaml Completed in 8245ms
2634 http fetch GET 200 https://registry.npmjs.org/brace-expansion/-/brace-expansion-2.0.2.tgz 7792ms (cache miss)
2635 timing reifyNode:node_modules/@joshwooding/vite-plugin-react-docgen-typescript/node_modules/brace-expansion Completed in 8243ms
2636 http fetch GET 200 https://registry.npmjs.org/ajv/-/ajv-6.12.6.tgz 7809ms (cache miss)
2637 timing reifyNode:node_modules/fork-ts-checker-webpack-plugin/node_modules/ajv Completed in 8248ms
2638 http fetch GET 200 https://registry.npmjs.org/dom-accessibility-api/-/dom-accessibility-api-0.6.3.tgz 7800ms (cache miss)
2639 timing reifyNode:node_modules/@testing-library/jest-dom/node_modules/dom-accessibility-api Completed in 8253ms
2640 http fetch GET 200 https://registry.npmjs.org/tinyqueue/-/tinyqueue-1.2.3.tgz 7817ms (cache miss)
2641 timing reifyNode:node_modules/martinez-polygon-clipping/node_modules/tinyqueue Completed in 8257ms
2642 http fetch GET 200 https://registry.npmjs.org/semver/-/semver-6.3.1.tgz 7811ms (cache miss)
2643 timing reifyNode:node_modules/@babel/plugin-transform-runtime/node_modules/semver Completed in 8264ms
2644 http fetch GET 200 https://registry.npmjs.org/react-docgen/-/react-docgen-8.0.1.tgz 7825ms (cache miss)
2645 timing reifyNode:node_modules/@storybook/react-vite/node_modules/react-docgen Completed in 8271ms
2646 http fetch GET 200 https://registry.npmjs.org/@img/sharp-libvips-darwin-arm64/-/sharp-libvips-darwin-arm64-1.2.3.tgz 7945ms (cache miss)
2647 timing reifyNode:node_modules/@img/sharp-libvips-darwin-arm64 Completed in 8297ms
2648 http fetch GET 200 https://registry.npmjs.org/semver/-/semver-6.3.1.tgz 7819ms (cache miss)
2649 timing reifyNode:node_modules/@babel/helper-create-class-features-plugin/node_modules/semver Completed in 8305ms
2650 http fetch GET 200 https://registry.npmjs.org/css-loader/-/css-loader-6.11.0.tgz 7847ms (cache miss)
2651 timing reifyNode:node_modules/@storybook/builder-webpack5/node_modules/css-loader Completed in 8307ms
2652 http fetch GET 200 https://registry.npmjs.org/find-up/-/find-up-4.1.0.tgz 7849ms (cache miss)
2653 timing reifyNode:node_modules/pkg-dir/node_modules/find-up Completed in 8313ms
2654 http fetch GET 200 https://registry.npmjs.org/semver/-/semver-6.3.1.tgz 7853ms (cache miss)
2655 timing reifyNode:node_modules/@babel/helper-create-regexp-features-plugin/node_modules/semver Completed in 8309ms
2656 http fetch GET 200 https://registry.npmjs.org/semver/-/semver-6.3.1.tgz 7823ms (cache miss)
2657 timing reifyNode:node_modules/@babel/helper-compilation-targets/node_modules/semver Completed in 8310ms
2658 http fetch GET 200 https://registry.npmjs.org/glob/-/glob-10.4.5.tgz 7866ms (cache miss)
2659 timing reifyNode:node_modules/@joshwooding/vite-plugin-react-docgen-typescript/node_modules/glob Completed in 8316ms
2660 http fetch GET 200 https://registry.npmjs.org/loader-utils/-/loader-utils-2.0.4.tgz 7865ms (cache miss)
2661 timing reifyNode:node_modules/@pmmmwh/react-refresh-webpack-plugin/node_modules/loader-utils Completed in 8318ms
2662 http fetch GET 200 https://registry.npmjs.org/minimatch/-/minimatch-9.0.5.tgz 7867ms (cache miss)
2663 timing reifyNode:node_modules/@joshwooding/vite-plugin-react-docgen-typescript/node_modules/minimatch Completed in 8319ms
2664 http fetch GET 200 https://registry.npmjs.org/semver/-/semver-6.3.1.tgz 7863ms (cache miss)
2665 timing reifyNode:node_modules/@babel/core/node_modules/semver Completed in 8341ms
2666 http fetch GET 200 https://registry.npmjs.org/source-map/-/source-map-0.6.1.tgz 7990ms (cache miss)
2667 timing reifyNode:node_modules/source-map-support/node_modules/source-map Completed in 8420ms
2668 http fetch GET 200 https://registry.npmjs.org/next/-/next-15.5.4.tgz 9747ms (cache miss)
2669 timing reifyNode:node_modules/next Completed in 9960ms
2670 http fetch GET 200 https://registry.npmjs.org/@next/swc-darwin-arm64/-/swc-darwin-arm64-15.5.4.tgz 9744ms (cache miss)
2671 timing reifyNode:node_modules/@next/swc-darwin-arm64 Completed in 10081ms
2672 timing reify:unpack Completed in 10099ms
2673 timing reify:unretire Completed in 0ms
2674 timing build:queue Completed in 12ms
2675 timing build:link:node_modules/ansi-html-community Completed in 2ms
2676 timing build:link:node_modules/@babel/parser Completed in 14ms
2677 timing build:link:node_modules/@babel/core/node_modules/semver Completed in 12ms
2678 timing build:link:node_modules/@babel/helper-create-class-features-plugin/node_modules/semver Completed in 12ms
2679 timing build:link:node_modules/@babel/helper-compilation-targets/node_modules/semver Completed in 12ms
2680 timing build:link:node_modules/@babel/plugin-transform-runtime/node_modules/semver Completed in 12ms
2681 timing build:link:node_modules/@babel/helper-create-regexp-features-plugin/node_modules/semver Completed in 12ms
2682 timing build:link:node_modules/@babel/preset-env/node_modules/semver Completed in 12ms
2683 timing build:link:node_modules/@joshwooding/vite-plugin-react-docgen-typescript/node_modules/glob Completed in 12ms
2684 timing build:link:node_modules/acorn Completed in 13ms
2685 timing build:link:node_modules/ansi-html Completed in 13ms
2686 timing build:link:node_modules/autoprefixer Completed in 13ms
2687 timing build:link:node_modules/browserslist Completed in 13ms
2688 timing build:link:node_modules/baseline-browser-mapping Completed in 13ms
2689 timing build:link:node_modules/chromatic Completed in 13ms
2690 timing build:link:node_modules/esbuild Completed in 13ms
2691 timing build:link:node_modules/cssesc Completed in 13ms
2692 timing build:link:node_modules/is-docker Completed in 13ms
2693 timing build:link:node_modules/he Completed in 13ms
2694 timing build:link:node_modules/html-minifier-terser Completed in 13ms
2695 timing build:link:node_modules/image-size Completed in 13ms
2696 timing build:link:node_modules/nanoid Completed in 13ms
2697 timing build:link:node_modules/jiti Completed in 13ms
2698 timing build:link:node_modules/json5 Completed in 13ms
2699 timing build:link:node_modules/jsesc Completed in 13ms
2700 timing build:link:node_modules/lz-string Completed in 13ms
2701 timing build:link:node_modules/playwright-core Completed in 13ms
2702 timing build:link:node_modules/next Completed in 13ms
2703 timing build:link:node_modules/pbf Completed in 13ms
2704 timing build:link:node_modules/playwright Completed in 13ms
2705 timing build:link:node_modules/miller-rabin Completed in 13ms
2706 timing build:link:node_modules/resolve Completed in 13ms
2707 timing build:link:node_modules/js-yaml Completed in 13ms
2708 timing build:link:node_modules/rimraf Completed in 12ms
2709 timing build:link:node_modules/semver Completed in 12ms
2710 timing build:link:node_modules/tsconfck Completed in 12ms
2711 timing build:link:node_modules/sha.js Completed in 12ms
2712 timing build:link:node_modules/regjsparser Completed in 13ms
2713 timing build:link:node_modules/rollup Completed in 12ms
2714 timing build:link:node_modules/terser Completed in 12ms
2715 timing build:link:node_modules/vite-node Completed in 12ms
2716 timing build:link:node_modules/vitest Completed in 12ms
2717 timing build:link:node_modules/test-exclude/node_modules/glob Completed in 11ms
2718 timing build:link:node_modules/which Completed in 12ms
2719 timing build:link:node_modules/webpack Completed in 12ms
2720 timing build:link:node_modules/babel-plugin-polyfill-corejs2/node_modules/semver Completed in 12ms
2721 timing build:link:node_modules/yaml Completed in 12ms
2722 timing build:link:node_modules/typescript Completed in 12ms
2723 timing build:link:node_modules/why-is-node-running Completed in 12ms
2724 timing build:link:node_modules/vite Completed in 12ms
2725 timing build:link:node_modules/storybook Completed in 12ms
2726 timing build:link:node_modules/make-dir/node_modules/semver Completed in 11ms
2727 timing build:link:node_modules/update-browserslist-db Completed in 12ms
2728 timing build:link:node_modules/esprima Completed in 13ms
2729 timing build:link Completed in 14ms
2730 info run sharp@0.34.4 install node_modules/sharp node install/check.js
2731 info run sharp@0.34.4 install { code: 0, signal: null }
2732 timing build:run:install:node_modules/sharp Completed in 18536ms
2733 timing build:run:install Completed in 18538ms
2734 info run @tailwindcss/oxide@4.1.13 postinstall node_modules/@tailwindcss/oxide node ./scripts/install.js
2735 info run core-js-pure@3.45.1 postinstall node_modules/core-js-pure node -e "try{require('./postinstall')}catch(e){}"
2736 info run esbuild@0.25.10 postinstall node_modules/esbuild node install.js
2737 info run core-js-pure@3.45.1 postinstall { code: 0, signal: null }
2738 timing build:run:postinstall:node_modules/core-js-pure Completed in 257ms
2739 info run @tailwindcss/oxide@4.1.13 postinstall { code: 0, signal: null }
2740 timing build:run:postinstall:node_modules/@tailwindcss/oxide Completed in 300ms
2741 info run esbuild@0.25.10 postinstall { code: 0, signal: null }
2742 timing build:run:postinstall:node_modules/esbuild Completed in 501ms
2743 timing build:run:postinstall Completed in 507ms
2744 timing build:deps Completed in 19072ms
2745 timing build Completed in 19072ms
2746 timing reify:build Completed in 19075ms
2747 timing reify:trash Completed in 5ms
2748 timing reify Completed in 29334ms
2749 silly ADD node_modules/yocto-queue
2750 silly ADD node_modules/yaml
2751 silly ADD node_modules/yallist
2752 silly ADD node_modules/xtend
2753 silly ADD node_modules/ws
2754 silly ADD node_modules/wrappy
2755 silly ADD node_modules/wrap-ansi-cjs
2756 silly ADD node_modules/wrap-ansi-cjs/node_modules/strip-ansi
2757 silly ADD node_modules/wrap-ansi-cjs/node_modules/string-width
2758 silly ADD node_modules/wrap-ansi-cjs/node_modules/emoji-regex
2759 silly ADD node_modules/wrap-ansi
2760 silly ADD node_modules/wrap-ansi/node_modules/ansi-styles
2761 silly ADD node_modules/why-is-node-running
2762 silly ADD node_modules/which-typed-array
2763 silly ADD node_modules/which
2764 silly ADD node_modules/webpack-virtual-modules
2765 silly ADD node_modules/webpack-sources
2766 silly ADD node_modules/webpack-hot-middleware
2767 silly ADD node_modules/webpack-hot-middleware/node_modules/strip-ansi
2768 silly ADD node_modules/webpack-dev-middleware
2769 silly ADD node_modules/webpack
2770 silly ADD node_modules/watchpack
2771 silly ADD node_modules/vm-browserify
2772 silly ADD node_modules/vitest
2773 silly ADD node_modules/vitest/node_modules/picomatch
2774 silly ADD node_modules/vite-tsconfig-paths
2775 silly ADD node_modules/vite-plugin-storybook-nextjs
2776 silly ADD node_modules/vite-node
2777 silly ADD node_modules/vite
2778 silly ADD node_modules/vite/node_modules/picomatch
2779 silly ADD node_modules/vite/node_modules/fdir
2780 silly ADD node_modules/utila
2781 silly ADD node_modules/util-deprecate
2782 silly ADD node_modules/util
2783 silly ADD node_modules/url
2784 silly ADD node_modules/url/node_modules/punycode
2785 silly ADD node_modules/uri-js
2786 silly ADD node_modules/update-browserslist-db
2787 silly ADD node_modules/unplugin
2788 silly ADD node_modules/universalify
2789 silly ADD node_modules/unicorn-magic
2790 silly ADD node_modules/unicode-property-aliases-ecmascript
2791 silly ADD node_modules/unicode-match-property-value-ecmascript
2792 silly ADD node_modules/unicode-match-property-ecmascript
2793 silly ADD node_modules/unicode-canonical-property-names-ecmascript
2794 silly ADD node_modules/undici-types
2795 silly ADD node_modules/typescript
2796 silly ADD node_modules/typed-array-buffer
2797 silly ADD node_modules/type-fest
2798 silly ADD node_modules/tty-browserify
2799 silly ADD node_modules/tslib
2800 silly ADD node_modules/tsconfig-paths-webpack-plugin
2801 silly ADD node_modules/tsconfig-paths
2802 silly ADD node_modules/tsconfck
2803 silly ADD node_modules/ts-dedent
2804 silly ADD node_modules/totalist
2805 silly ADD node_modules/to-regex-range
2806 silly ADD node_modules/to-buffer
2807 silly ADD node_modules/tinyspy
2808 silly ADD node_modules/tinyrainbow
2809 silly ADD node_modules/tinyqueue
2810 silly ADD node_modules/tinypool
2811 silly ADD node_modules/tinyglobby
2812 silly ADD node_modules/tinyglobby/node_modules/picomatch
2813 silly ADD node_modules/tinyglobby/node_modules/fdir
2814 silly ADD node_modules/tinyexec
2815 silly ADD node_modules/tinybench
2816 silly ADD node_modules/tiny-invariant
2817 silly ADD node_modules/timers-browserify
2818 silly ADD node_modules/test-exclude
2819 silly ADD node_modules/test-exclude/node_modules/minimatch
2820 silly ADD node_modules/test-exclude/node_modules/glob
2821 silly ADD node_modules/test-exclude/node_modules/brace-expansion
2822 silly ADD node_modules/terser-webpack-plugin
2823 silly ADD node_modules/terser
2824 silly ADD node_modules/terser/node_modules/commander
2825 silly ADD node_modules/tar
2826 silly ADD node_modules/tapable
2827 silly ADD node_modules/tailwindcss
2828 silly ADD node_modules/supports-preserve-symlinks-flag
2829 silly ADD node_modules/supports-color
2830 silly ADD node_modules/supercluster
2831 silly ADD node_modules/styled-jsx
2832 silly ADD node_modules/style-loader
2833 silly ADD node_modules/strip-literal
2834 silly ADD node_modules/strip-literal/node_modules/js-tokens
2835 silly ADD node_modules/strip-indent
2836 silly ADD node_modules/strip-bom
2837 silly ADD node_modules/strip-ansi-cjs
2838 silly ADD node_modules/strip-ansi
2839 silly ADD node_modules/strip-ansi/node_modules/ansi-regex
2840 silly ADD node_modules/string-width-cjs
2841 silly ADD node_modules/string-width-cjs/node_modules/strip-ansi
2842 silly ADD node_modules/string-width-cjs/node_modules/emoji-regex
2843 silly ADD node_modules/string-width
2844 silly ADD node_modules/string_decoder
2845 silly ADD node_modules/stream-http
2846 silly ADD node_modules/stream-http/node_modules/readable-stream
2847 silly ADD node_modules/stream-browserify
2848 silly ADD node_modules/stream-browserify/node_modules/readable-stream
2849 silly ADD node_modules/storybook
2850 silly ADD node_modules/std-env
2851 silly ADD node_modules/stackframe
2852 silly ADD node_modules/stackback
2853 silly ADD node_modules/splaytree
2854 silly ADD node_modules/source-map-support
2855 silly ADD node_modules/source-map-support/node_modules/source-map
2856 silly ADD node_modules/source-map-js
2857 silly ADD node_modules/source-map
2858 silly ADD node_modules/sisteransi
2859 silly ADD node_modules/sirv
2860 silly ADD node_modules/signal-exit
2861 silly ADD node_modules/siginfo
2862 silly ADD node_modules/side-channel-weakmap
2863 silly ADD node_modules/side-channel-map
2864 silly ADD node_modules/side-channel-list
2865 silly ADD node_modules/side-channel
2866 silly ADD node_modules/shebang-regex
2867 silly ADD node_modules/shebang-command
2868 silly ADD node_modules/sharp
2869 silly ADD node_modules/sha.js
2870 silly ADD node_modules/setimmediate
2871 silly ADD node_modules/set-function-length
2872 silly ADD node_modules/serialize-to-js
2873 silly ADD node_modules/serialize-javascript
2874 silly ADD node_modules/semver
2875 silly ADD node_modules/schema-utils
2876 silly ADD node_modules/scheduler
2877 silly ADD node_modules/sass-loader
2878 silly ADD node_modules/safe-regex-test
2879 silly ADD node_modules/safe-buffer
2880 silly ADD node_modules/rollup
2881 silly ADD node_modules/robust-predicates
2882 silly ADD node_modules/ripemd160
2883 silly ADD node_modules/ripemd160/node_modules/string_decoder
2884 silly ADD node_modules/ripemd160/node_modules/string_decoder/node_modules/safe-buffer
2885 silly ADD node_modules/ripemd160/node_modules/readable-stream
2886 silly ADD node_modules/ripemd160/node_modules/readable-stream/node_modules/safe-buffer
2887 silly ADD node_modules/ripemd160/node_modules/isarray
2888 silly ADD node_modules/ripemd160/node_modules/hash-base
2889 silly ADD node_modules/rimraf
2890 silly ADD node_modules/resolve-url-loader
2891 silly ADD node_modules/resolve-url-loader/node_modules/source-map
2892 silly ADD node_modules/resolve-url-loader/node_modules/loader-utils
2893 silly ADD node_modules/resolve-url-loader/node_modules/convert-source-map
2894 silly ADD node_modules/resolve-protobuf-schema
2895 silly ADD node_modules/resolve-from
2896 silly ADD node_modules/resolve
2897 silly ADD node_modules/require-from-string
2898 silly ADD node_modules/renderkid
2899 silly ADD node_modules/renderkid/node_modules/strip-ansi
2900 silly ADD node_modules/relateurl
2901 silly ADD node_modules/regjsparser
2902 silly ADD node_modules/regjsgen
2903 silly ADD node_modules/regexpu-core
2904 silly ADD node_modules/regex-parser
2905 silly ADD node_modules/regenerate-unicode-properties
2906 silly ADD node_modules/regenerate
2907 silly ADD node_modules/redent
2908 silly ADD node_modules/redent/node_modules/strip-indent
2909 silly ADD node_modules/recast
2910 silly ADD node_modules/recast/node_modules/source-map
2911 silly ADD node_modules/readdirp
2912 silly ADD node_modules/readable-stream
2913 silly ADD node_modules/react-refresh
2914 silly ADD node_modules/react-is
2915 silly ADD node_modules/react-dom
2916 silly ADD node_modules/react-docgen-typescript
2917 silly ADD node_modules/react-docgen
2918 silly ADD node_modules/react
2919 silly ADD node_modules/range-parser
2920 silly ADD node_modules/randomfill
2921 silly ADD node_modules/randombytes
2922 silly ADD node_modules/quickselect
2923 silly ADD node_modules/querystring-es3
2924 silly ADD node_modules/qs
2925 silly ADD node_modules/punycode
2926 silly ADD node_modules/public-encrypt
2927 silly ADD node_modules/public-encrypt/node_modules/bn.js
2928 silly ADD node_modules/protocol-buffers-schema
2929 silly ADD node_modules/prompts
2930 silly ADD node_modules/process-nextick-args
2931 silly ADD node_modules/process
2932 silly ADD node_modules/pretty-format
2933 silly ADD node_modules/pretty-format/node_modules/ansi-styles
2934 silly ADD node_modules/pretty-error
2935 silly ADD node_modules/potpack
2936 silly ADD node_modules/postcss-value-parser
2937 silly ADD node_modules/postcss-selector-parser
2938 silly ADD node_modules/postcss-modules-values
2939 silly ADD node_modules/postcss-modules-scope
2940 silly ADD node_modules/postcss-modules-local-by-default
2941 silly ADD node_modules/postcss-modules-extract-imports
2942 silly ADD node_modules/postcss-loader
2943 silly ADD node_modules/postcss-loader/node_modules/cosmiconfig
2944 silly ADD node_modules/postcss
2945 silly ADD node_modules/possible-typed-array-names
2946 silly ADD node_modules/playwright-core
2947 silly ADD node_modules/playwright
2948 silly ADD node_modules/playwright/node_modules/fsevents
2949 silly ADD node_modules/pkg-dir
2950 silly ADD node_modules/pkg-dir/node_modules/path-exists
2951 silly ADD node_modules/pkg-dir/node_modules/p-locate
2952 silly ADD node_modules/pkg-dir/node_modules/p-limit
2953 silly ADD node_modules/pkg-dir/node_modules/locate-path
2954 silly ADD node_modules/pkg-dir/node_modules/find-up
2955 silly ADD node_modules/picomatch
2956 silly ADD node_modules/picocolors
2957 silly ADD node_modules/pbkdf2
2958 silly ADD node_modules/pbf
2959 silly ADD node_modules/pathval
2960 silly ADD node_modules/pathe
2961 silly ADD node_modules/path-type
2962 silly ADD node_modules/path-scurry
2963 silly ADD node_modules/path-scurry/node_modules/lru-cache
2964 silly ADD node_modules/path-parse
2965 silly ADD node_modules/path-key
2966 silly ADD node_modules/path-is-absolute
2967 silly ADD node_modules/path-exists
2968 silly ADD node_modules/path-browserify
2969 silly ADD node_modules/pascal-case
2970 silly ADD node_modules/parse-json
2971 silly ADD node_modules/parse-asn1
2972 silly ADD node_modules/parent-module
2973 silly ADD node_modules/param-case
2974 silly ADD node_modules/pako
2975 silly ADD node_modules/package-json-from-dist
2976 silly ADD node_modules/p-try
2977 silly ADD node_modules/p-locate
2978 silly ADD node_modules/p-limit
2979 silly ADD node_modules/os-browserify
2980 silly ADD node_modules/open
2981 silly ADD node_modules/once
2982 silly ADD node_modules/objectorarray
2983 silly ADD node_modules/object.assign
2984 silly ADD node_modules/object-keys
2985 silly ADD node_modules/object-is
2986 silly ADD node_modules/object-inspect
2987 silly ADD node_modules/nth-check
2988 silly ADD node_modules/normalize-range
2989 silly ADD node_modules/normalize-path
2990 silly ADD node_modules/node-releases
2991 silly ADD node_modules/node-polyfill-webpack-plugin
2992 silly ADD node_modules/node-abort-controller
2993 silly ADD node_modules/no-case
2994 silly ADD node_modules/next
2995 silly ADD node_modules/next/node_modules/postcss
2996 silly ADD node_modules/neo-async
2997 silly ADD node_modules/nanoid
2998 silly ADD node_modules/murmurhash-js
2999 silly ADD node_modules/ms
3000 silly ADD node_modules/mrmime
3001 silly ADD node_modules/module-alias
3002 silly ADD node_modules/minizlib
3003 silly ADD node_modules/minipass
3004 silly ADD node_modules/minimist
3005 silly ADD node_modules/minimatch
3006 silly ADD node_modules/minimalistic-crypto-utils
3007 silly ADD node_modules/minimalistic-assert
3008 silly ADD node_modules/min-indent
3009 silly ADD node_modules/mime-types
3010 silly ADD node_modules/mime-db
3011 silly ADD node_modules/miller-rabin
3012 silly ADD node_modules/miller-rabin/node_modules/bn.js
3013 silly ADD node_modules/micromatch
3014 silly ADD node_modules/merge-stream
3015 silly ADD node_modules/memfs
3016 silly ADD node_modules/md5.js
3017 silly ADD node_modules/math-intrinsics
3018 silly ADD node_modules/martinez-polygon-clipping
3019 silly ADD node_modules/martinez-polygon-clipping/node_modules/tinyqueue
3020 silly ADD node_modules/mapbox-gl
3021 silly ADD node_modules/make-dir
3022 silly ADD node_modules/make-dir/node_modules/semver
3023 silly ADD node_modules/magicast
3024 silly ADD node_modules/magic-string
3025 silly ADD node_modules/lz-string
3026 silly ADD node_modules/lru-cache
3027 silly ADD node_modules/lru-cache/node_modules/yallist
3028 silly ADD node_modules/lower-case
3029 silly ADD node_modules/loupe
3030 silly ADD node_modules/lodash.debounce
3031 silly ADD node_modules/lodash
3032 silly ADD node_modules/locate-path
3033 silly ADD node_modules/loader-utils
3034 silly ADD node_modules/loader-runner
3035 silly ADD node_modules/lines-and-columns
3036 silly ADD
3037 silly ADD
3038 silly ADD
3039 silly ADD
3040 silly ADD
3041 silly ADD
3042 silly ADD
3043 silly ADD
3044 silly ADD
3045 silly ADD node_modules/lightningcss-darwin-arm64
3046 silly ADD node_modules/lightningcss
3047 silly ADD node_modules/kleur
3048 silly ADD node_modules/keyv
3049 silly ADD node_modules/kdbush
3050 silly ADD node_modules/jsonfile
3051 silly ADD node_modules/json5
3052 silly ADD node_modules/json-schema-traverse
3053 silly ADD node_modules/json-parse-even-better-errors
3054 silly ADD node_modules/json-buffer
3055 silly ADD node_modules/jsesc
3056 silly ADD node_modules/js-yaml
3057 silly ADD node_modules/js-tokens
3058 silly ADD node_modules/jiti
3059 silly ADD node_modules/jest-worker
3060 silly ADD node_modules/jest-worker/node_modules/supports-color
3061 silly ADD node_modules/jackspeak
3062 silly ADD node_modules/istanbul-reports
3063 silly ADD node_modules/istanbul-lib-source-maps
3064 silly ADD node_modules/istanbul-lib-report
3065 silly ADD node_modules/istanbul-lib-report/node_modules/make-dir
3066 silly ADD node_modules/istanbul-lib-coverage
3067 silly ADD node_modules/isexe
3068 silly ADD node_modules/isarray
3069 silly ADD node_modules/is-wsl
3070 silly ADD node_modules/is-typed-array
3071 silly ADD node_modules/is-regex
3072 silly ADD node_modules/is-number
3073 silly ADD node_modules/is-nan
3074 silly ADD node_modules/is-glob
3075 silly ADD node_modules/is-generator-function
3076 silly ADD node_modules/is-fullwidth-code-point
3077 silly ADD node_modules/is-extglob
3078 silly ADD node_modules/is-docker
3079 silly ADD node_modules/is-core-module
3080 silly ADD node_modules/is-callable
3081 silly ADD node_modules/is-binary-path
3082 silly ADD node_modules/is-arrayish
3083 silly ADD node_modules/is-arguments
3084 silly ADD node_modules/inherits
3085 silly ADD node_modules/inflight
3086 silly ADD node_modules/indent-string
3087 silly ADD node_modules/import-fresh
3088 silly ADD node_modules/image-size
3089 silly ADD node_modules/ieee754
3090 silly ADD node_modules/icss-utils
3091 silly ADD node_modules/https-browserify
3092 silly ADD node_modules/htmlparser2
3093 silly ADD node_modules/html-webpack-plugin
3094 silly ADD node_modules/html-minifier-terser
3095 silly ADD node_modules/html-escaper
3096 silly ADD node_modules/html-entities
3097 silly ADD node_modules/hmac-drbg
3098 silly ADD node_modules/he
3099 silly ADD node_modules/hasown
3100 silly ADD node_modules/hash.js
3101 silly ADD node_modules/hash-base
3102 silly ADD node_modules/has-tostringtag
3103 silly ADD node_modules/has-symbols
3104 silly ADD node_modules/has-property-descriptors
3105 silly ADD node_modules/has-flag
3106 silly ADD node_modules/grid-index
3107 silly ADD node_modules/graceful-fs
3108 silly ADD node_modules/gopd
3109 silly ADD node_modules/globrex
3110 silly ADD node_modules/glob-to-regexp
3111 silly ADD node_modules/glob-parent
3112 silly ADD node_modules/glob
3113 silly ADD node_modules/gl-matrix
3114 silly ADD node_modules/get-proto
3115 silly ADD node_modules/get-intrinsic
3116 silly ADD node_modules/geojson-vt
3117 silly ADD node_modules/gensync
3118 silly ADD node_modules/generator-function
3119 silly ADD node_modules/function-bind
3120 silly ADD node_modules/fsevents
3121 silly ADD node_modules/fs.realpath
3122 silly ADD node_modules/fs-monkey
3123 silly ADD node_modules/fs-extra
3124 silly ADD node_modules/fraction.js
3125 silly ADD node_modules/fork-ts-checker-webpack-plugin
3126 silly ADD node_modules/fork-ts-checker-webpack-plugin/node_modules/schema-utils
3127 silly ADD node_modules/fork-ts-checker-webpack-plugin/node_modules/json-schema-traverse
3128 silly ADD node_modules/fork-ts-checker-webpack-plugin/node_modules/ajv-keywords
3129 silly ADD node_modules/fork-ts-checker-webpack-plugin/node_modules/ajv
3130 silly ADD node_modules/foreground-child
3131 silly ADD node_modules/for-each
3132 silly ADD node_modules/flatted
3133 silly ADD node_modules/flat-cache
3134 silly ADD node_modules/find-up
3135 silly ADD node_modules/find-cache-dir
3136 silly ADD node_modules/filter-obj
3137 silly ADD node_modules/fill-range
3138 silly ADD node_modules/filesize
3139 silly ADD node_modules/fast-uri
3140 silly ADD node_modules/fast-json-stable-stringify
3141 silly ADD node_modules/fast-json-parse
3142 silly ADD node_modules/fast-deep-equal
3143 silly ADD node_modules/expect-type
3144 silly ADD node_modules/evp_bytestokey
3145 silly ADD node_modules/events
3146 silly ADD node_modules/event-target-shim
3147 silly ADD node_modules/esutils
3148 silly ADD node_modules/estree-walker
3149 silly ADD node_modules/estraverse
3150 silly ADD node_modules/esrecurse
3151 silly ADD node_modules/esrecurse/node_modules/estraverse
3152 silly ADD node_modules/esprima
3153 silly ADD node_modules/eslint-scope
3154 silly ADD node_modules/escalade
3155 silly ADD node_modules/esbuild-register
3156 silly ADD node_modules/esbuild
3157 silly ADD node_modules/es-object-atoms
3158 silly ADD node_modules/es-module-lexer
3159 silly ADD node_modules/es-errors
3160 silly ADD node_modules/es-define-property
3161 silly ADD node_modules/error-stack-parser
3162 silly ADD node_modules/error-ex
3163 silly ADD node_modules/env-paths
3164 silly ADD node_modules/entities
3165 silly ADD node_modules/enhanced-resolve
3166 silly ADD node_modules/endent
3167 silly ADD node_modules/emojis-list
3168 silly ADD node_modules/emoji-regex
3169 silly ADD node_modules/elliptic
3170 silly ADD node_modules/elliptic/node_modules/bn.js
3171 silly ADD node_modules/electron-to-chromium
3172 silly ADD node_modules/eastasianwidth
3173 silly ADD node_modules/earcut
3174 silly ADD node_modules/dunder-proto
3175 silly ADD node_modules/dot-case
3176 silly ADD node_modules/domutils
3177 silly ADD node_modules/domhandler
3178 silly ADD node_modules/domelementtype
3179 silly ADD node_modules/domain-browser
3180 silly ADD node_modules/dom-serializer
3181 silly ADD node_modules/dom-converter
3182 silly ADD node_modules/dom-accessibility-api
3183 silly ADD node_modules/doctrine
3184 silly ADD node_modules/diffie-hellman
3185 silly ADD node_modules/diffie-hellman/node_modules/bn.js
3186 silly ADD node_modules/detect-libc
3187 silly ADD node_modules/des.js
3188 silly ADD node_modules/dequal
3189 silly ADD node_modules/define-properties
3190 silly ADD node_modules/define-lazy-prop
3191 silly ADD node_modules/define-data-property
3192 silly ADD node_modules/deepmerge
3193 silly ADD node_modules/deep-eql
3194 silly ADD node_modules/dedent
3195 silly ADD node_modules/debug
3196 silly ADD node_modules/csstype
3197 silly ADD node_modules/cssesc
3198 silly ADD node_modules/csscolorparser
3199 silly ADD node_modules/css.escape
3200 silly ADD node_modules/css-what
3201 silly ADD node_modules/css-select
3202 silly ADD node_modules/css-loader
3203 silly ADD node_modules/crypto-browserify
3204 silly ADD node_modules/cross-spawn
3205 silly ADD node_modules/create-hmac
3206 silly ADD node_modules/create-hash
3207 silly ADD node_modules/create-ecdh
3208 silly ADD node_modules/create-ecdh/node_modules/bn.js
3209 silly ADD node_modules/cosmiconfig
3210 silly ADD node_modules/cosmiconfig/node_modules/yaml
3211 silly ADD node_modules/core-util-is
3212 silly ADD node_modules/core-js-pure
3213 silly ADD node_modules/core-js-compat
3214 silly ADD node_modules/convert-source-map
3215 silly ADD node_modules/constants-browserify
3216 silly ADD node_modules/console-browserify
3217 silly ADD node_modules/concat-map
3218 silly ADD node_modules/commondir
3219 silly ADD node_modules/common-path-prefix
3220 silly ADD node_modules/commander
3221 silly ADD node_modules/colorette
3222 silly ADD node_modules/color-name
3223 silly ADD node_modules/color-convert
3224 silly ADD node_modules/client-only
3225 silly ADD node_modules/clean-css
3226 silly ADD node_modules/clean-css/node_modules/source-map
3227 silly ADD node_modules/cjs-module-lexer
3228 silly ADD node_modules/cipher-base
3229 silly ADD node_modules/chrome-trace-event
3230 silly ADD node_modules/chromatic
3231 silly ADD node_modules/chownr
3232 silly ADD node_modules/chokidar
3233 silly ADD node_modules/check-error
3234 silly ADD node_modules/cheap-ruler
3235 silly ADD node_modules/chalk
3236 silly ADD node_modules/chai
3237 silly ADD node_modules/case-sensitive-paths-webpack-plugin
3238 silly ADD node_modules/caniuse-lite
3239 silly ADD node_modules/camel-case
3240 silly ADD node_modules/callsites
3241 silly ADD node_modules/call-bound
3242 silly ADD node_modules/call-bind-apply-helpers
3243 silly ADD node_modules/call-bind
3244 silly ADD node_modules/cac
3245 silly ADD node_modules/builtin-status-codes
3246 silly ADD node_modules/buffer-xor
3247 silly ADD node_modules/buffer-from
3248 silly ADD node_modules/buffer
3249 silly ADD node_modules/browserslist
3250 silly ADD node_modules/browserify-zlib
3251 silly ADD node_modules/browserify-sign
3252 silly ADD node_modules/browserify-sign/node_modules/string_decoder
3253 silly ADD node_modules/browserify-sign/node_modules/string_decoder/node_modules/safe-buffer
3254 silly ADD node_modules/browserify-sign/node_modules/readable-stream
3255 silly ADD node_modules/browserify-sign/node_modules/readable-stream/node_modules/safe-buffer
3256 silly ADD node_modules/browserify-sign/node_modules/isarray
3257 silly ADD node_modules/browserify-rsa
3258 silly ADD node_modules/browserify-des
3259 silly ADD node_modules/browserify-cipher
3260 silly ADD node_modules/browserify-aes
3261 silly ADD node_modules/brorand
3262 silly ADD node_modules/braces
3263 silly ADD node_modules/brace-expansion
3264 silly ADD node_modules/boolbase
3265 silly ADD node_modules/bn.js
3266 silly ADD node_modules/binary-extensions
3267 silly ADD node_modules/big.js
3268 silly ADD node_modules/better-opn
3269 silly ADD node_modules/baseline-browser-mapping
3270 silly ADD node_modules/base64-js
3271 silly ADD node_modules/balanced-match
3272 silly ADD node_modules/babel-plugin-polyfill-regenerator
3273 silly ADD node_modules/babel-plugin-polyfill-corejs3
3274 silly ADD node_modules/babel-plugin-polyfill-corejs2
3275 silly ADD node_modules/babel-plugin-polyfill-corejs2/node_modules/semver
3276 silly ADD node_modules/babel-loader
3277 silly ADD node_modules/babel-loader/node_modules/pkg-dir
3278 silly ADD node_modules/babel-loader/node_modules/find-up
3279 silly ADD node_modules/babel-loader/node_modules/find-cache-dir
3280 silly ADD node_modules/axe-core
3281 silly ADD node_modules/available-typed-arrays
3282 silly ADD node_modules/autoprefixer
3283 silly ADD node_modules/ast-v8-to-istanbul
3284 silly ADD node_modules/ast-v8-to-istanbul/node_modules/js-tokens
3285 silly ADD node_modules/ast-types
3286 silly ADD node_modules/assertion-error
3287 silly ADD node_modules/assert
3288 silly ADD node_modules/asn1.js
3289 silly ADD node_modules/asn1.js/node_modules/bn.js
3290 silly ADD node_modules/aria-query
3291 silly ADD node_modules/argparse
3292 silly ADD node_modules/anymatch
3293 silly ADD node_modules/ansi-styles
3294 silly ADD node_modules/ansi-regex
3295 silly ADD node_modules/ansi-html-community
3296 silly ADD node_modules/ansi-html
3297 silly ADD node_modules/ajv-keywords
3298 silly ADD node_modules/ajv-formats
3299 silly ADD node_modules/ajv
3300 silly ADD node_modules/adjust-sourcemap-loader
3301 silly ADD node_modules/adjust-sourcemap-loader/node_modules/loader-utils
3302 silly ADD node_modules/acorn-import-phases
3303 silly ADD node_modules/acorn
3304 silly ADD node_modules/abort-controller
3305 silly ADD node_modules/@xtuc/long
3306 silly ADD node_modules/@xtuc/ieee754
3307 silly ADD node_modules/@webassemblyjs/wast-printer
3308 silly ADD node_modules/@webassemblyjs/wasm-parser
3309 silly ADD node_modules/@webassemblyjs/wasm-opt
3310 silly ADD node_modules/@webassemblyjs/wasm-gen
3311 silly ADD node_modules/@webassemblyjs/wasm-edit
3312 silly ADD node_modules/@webassemblyjs/utf8
3313 silly ADD node_modules/@webassemblyjs/leb128
3314 silly ADD node_modules/@webassemblyjs/ieee754
3315 silly ADD node_modules/@webassemblyjs/helper-wasm-section
3316 silly ADD node_modules/@webassemblyjs/helper-wasm-bytecode
3317 silly ADD node_modules/@webassemblyjs/helper-numbers
3318 silly ADD node_modules/@webassemblyjs/helper-buffer
3319 silly ADD node_modules/@webassemblyjs/helper-api-error
3320 silly ADD node_modules/@webassemblyjs/floating-point-hex-parser
3321 silly ADD node_modules/@webassemblyjs/ast
3322 silly ADD node_modules/@vitest/utils
3323 silly ADD node_modules/@vitest/spy
3324 silly ADD node_modules/@vitest/snapshot
3325 silly ADD node_modules/@vitest/runner
3326 silly ADD node_modules/@vitest/pretty-format
3327 silly ADD node_modules/@vitest/mocker
3328 silly ADD node_modules/@vitest/expect
3329 silly ADD node_modules/@vitest/coverage-v8
3330 silly ADD node_modules/@vitest/browser
3331 silly ADD node_modules/@types/supercluster
3332 silly ADD node_modules/@types/semver
3333 silly ADD node_modules/@types/resolve
3334 silly ADD node_modules/@types/react-dom
3335 silly ADD node_modules/@types/react
3336 silly ADD node_modules/@types/pbf
3337 silly ADD node_modules/@types/parse-json
3338 silly ADD node_modules/@types/node
3339 silly ADD node_modules/@types/mdx
3340 silly ADD node_modules/@types/mapbox__point-geometry
3341 silly ADD node_modules/@types/json-schema
3342 silly ADD node_modules/@types/html-minifier-terser
3343 silly ADD node_modules/@types/geojson-vt
3344 silly ADD node_modules/@types/geojson
3345 silly ADD node_modules/@types/estree
3346 silly ADD node_modules/@types/eslint-scope
3347 silly ADD node_modules/@types/eslint
3348 silly ADD node_modules/@types/doctrine
3349 silly ADD node_modules/@types/deep-eql
3350 silly ADD node_modules/@types/chai
3351 silly ADD node_modules/@types/babel__traverse
3352 silly ADD node_modules/@types/babel__template
3353 silly ADD node_modules/@types/babel__generator
3354 silly ADD node_modules/@types/babel__core
3355 silly ADD node_modules/@types/aria-query
3356 silly ADD node_modules/@testing-library/user-event
3357 silly ADD node_modules/@testing-library/jest-dom
3358 silly ADD node_modules/@testing-library/jest-dom/node_modules/dom-accessibility-api
3359 silly ADD node_modules/@testing-library/dom
3360 silly ADD node_modules/@tailwindcss/postcss
3361 silly ADD
3362 silly ADD
3363 silly ADD
3364 silly ADD
3365 silly ADD
3366 silly ADD
3367 silly ADD
3368 silly ADD
3369 silly ADD
3370 silly ADD
3371 silly ADD node_modules/@tailwindcss/oxide-darwin-arm64
3372 silly ADD
3373 silly ADD node_modules/@tailwindcss/oxide
3374 silly ADD node_modules/@tailwindcss/node
3375 silly ADD node_modules/@swc/helpers
3376 silly ADD node_modules/@storybook/react-vite
3377 silly ADD node_modules/@storybook/react-vite/node_modules/react-docgen
3378 silly ADD node_modules/@storybook/react-dom-shim
3379 silly ADD node_modules/@storybook/react-docgen-typescript-plugin
3380 silly ADD node_modules/@storybook/react
3381 silly ADD node_modules/@storybook/preset-react-webpack
3382 silly ADD node_modules/@storybook/nextjs-vite
3383 silly ADD node_modules/@storybook/nextjs
3384 silly ADD node_modules/@storybook/nextjs/node_modules/style-loader
3385 silly ADD node_modules/@storybook/nextjs/node_modules/css-loader
3386 silly ADD node_modules/@storybook/icons
3387 silly ADD node_modules/@storybook/global
3388 silly ADD node_modules/@storybook/csf-plugin
3389 silly ADD node_modules/@storybook/core-webpack
3390 silly ADD node_modules/@storybook/builder-webpack5
3391 silly ADD node_modules/@storybook/builder-webpack5/node_modules/style-loader
3392 silly ADD node_modules/@storybook/builder-webpack5/node_modules/css-loader
3393 silly ADD node_modules/@storybook/builder-vite
3394 silly ADD node_modules/@storybook/addon-vitest
3395 silly ADD node_modules/@storybook/addon-onboarding
3396 silly ADD node_modules/@storybook/addon-docs
3397 silly ADD node_modules/@storybook/addon-a11y
3398 silly ADD
3399 silly ADD
3400 silly ADD
3401 silly ADD
3402 silly ADD
3403 silly ADD
3404 silly ADD
3405 silly ADD
3406 silly ADD
3407 silly ADD
3408 silly ADD
3409 silly ADD
3410 silly ADD
3411 silly ADD
3412 silly ADD
3413 silly ADD
3414 silly ADD
3415 silly ADD
3416 silly ADD
3417 silly ADD node_modules/@rollup/rollup-darwin-arm64
3418 silly ADD
3419 silly ADD
3420 silly ADD node_modules/@rollup/pluginutils
3421 silly ADD node_modules/@rollup/pluginutils/node_modules/picomatch
3422 silly ADD node_modules/@rollup/pluginutils/node_modules/estree-walker
3423 silly ADD node_modules/@polka/url
3424 silly ADD node_modules/@pmmmwh/react-refresh-webpack-plugin
3425 silly ADD node_modules/@pmmmwh/react-refresh-webpack-plugin/node_modules/loader-utils
3426 silly ADD node_modules/@pkgjs/parseargs
3427 silly ADD
3428 silly ADD
3429 silly ADD
3430 silly ADD
3431 silly ADD
3432 silly ADD
3433 silly ADD
3434 silly ADD node_modules/@next/swc-darwin-arm64
3435 silly ADD node_modules/@next/env
3436 silly ADD node_modules/@neoconfetti/react
3437 silly ADD node_modules/@mdx-js/react
3438 silly ADD node_modules/@mapbox/whoots-js
3439 silly ADD node_modules/@mapbox/vector-tile
3440 silly ADD node_modules/@mapbox/unitbezier
3441 silly ADD node_modules/@mapbox/tiny-sdf
3442 silly ADD node_modules/@mapbox/point-geometry
3443 silly ADD node_modules/@mapbox/mapbox-gl-supported
3444 silly ADD node_modules/@mapbox/jsonlint-lines-primitives
3445 silly ADD node_modules/@jridgewell/trace-mapping
3446 silly ADD node_modules/@jridgewell/sourcemap-codec
3447 silly ADD node_modules/@jridgewell/source-map
3448 silly ADD node_modules/@jridgewell/resolve-uri
3449 silly ADD node_modules/@jridgewell/remapping
3450 silly ADD node_modules/@jridgewell/gen-mapping
3451 silly ADD node_modules/@joshwooding/vite-plugin-react-docgen-typescript
3452 silly ADD node_modules/@joshwooding/vite-plugin-react-docgen-typescript/node_modules/minimatch
3453 silly ADD node_modules/@joshwooding/vite-plugin-react-docgen-typescript/node_modules/glob
3454 silly ADD node_modules/@joshwooding/vite-plugin-react-docgen-typescript/node_modules/brace-expansion
3455 silly ADD node_modules/@istanbuljs/schema
3456 silly ADD node_modules/@isaacs/fs-minipass
3457 silly ADD node_modules/@isaacs/cliui
3458 silly ADD
3459 silly ADD
3460 silly ADD
3461 silly ADD
3462 silly ADD
3463 silly ADD
3464 silly ADD
3465 silly ADD
3466 silly ADD
3467 silly ADD
3468 silly ADD
3469 silly ADD
3470 silly ADD
3471 silly ADD
3472 silly ADD
3473 silly ADD
3474 silly ADD
3475 silly ADD
3476 silly ADD
3477 silly ADD node_modules/@img/sharp-libvips-darwin-arm64
3478 silly ADD
3479 silly ADD node_modules/@img/sharp-darwin-arm64
3480 silly ADD node_modules/@img/colour
3481 silly ADD
3482 silly ADD
3483 silly ADD
3484 silly ADD
3485 silly ADD
3486 silly ADD
3487 silly ADD
3488 silly ADD
3489 silly ADD
3490 silly ADD
3491 silly ADD
3492 silly ADD
3493 silly ADD
3494 silly ADD
3495 silly ADD
3496 silly ADD
3497 silly ADD
3498 silly ADD
3499 silly ADD
3500 silly ADD
3501 silly ADD
3502 silly ADD node_modules/@esbuild/darwin-arm64
3503 silly ADD
3504 silly ADD
3505 silly ADD
3506 silly ADD
3507 silly ADD node_modules/@emnapi/runtime
3508 silly ADD node_modules/@chromatic-com/storybook
3509 silly ADD node_modules/@bcoe/v8-coverage
3510 silly ADD node_modules/@babel/types
3511 silly ADD node_modules/@babel/traverse
3512 silly ADD node_modules/@babel/template
3513 silly ADD node_modules/@babel/runtime
3514 silly ADD node_modules/@babel/preset-typescript
3515 silly ADD node_modules/@babel/preset-react
3516 silly ADD node_modules/@babel/preset-modules
3517 silly ADD node_modules/@babel/preset-env
3518 silly ADD node_modules/@babel/preset-env/node_modules/semver
3519 silly ADD node_modules/@babel/plugin-transform-unicode-sets-regex
3520 silly ADD node_modules/@babel/plugin-transform-unicode-regex
3521 silly ADD node_modules/@babel/plugin-transform-unicode-property-regex
3522 silly ADD node_modules/@babel/plugin-transform-unicode-escapes
3523 silly ADD node_modules/@babel/plugin-transform-typescript
3524 silly ADD node_modules/@babel/plugin-transform-typeof-symbol
3525 silly ADD node_modules/@babel/plugin-transform-template-literals
3526 silly ADD node_modules/@babel/plugin-transform-sticky-regex
3527 silly ADD node_modules/@babel/plugin-transform-spread
3528 silly ADD node_modules/@babel/plugin-transform-shorthand-properties
3529 silly ADD node_modules/@babel/plugin-transform-runtime
3530 silly ADD node_modules/@babel/plugin-transform-runtime/node_modules/semver
3531 silly ADD node_modules/@babel/plugin-transform-reserved-words
3532 silly ADD node_modules/@babel/plugin-transform-regexp-modifiers
3533 silly ADD node_modules/@babel/plugin-transform-regenerator
3534 silly ADD node_modules/@babel/plugin-transform-react-pure-annotations
3535 silly ADD node_modules/@babel/plugin-transform-react-jsx-development
3536 silly ADD node_modules/@babel/plugin-transform-react-jsx
3537 silly ADD node_modules/@babel/plugin-transform-react-display-name
3538 silly ADD node_modules/@babel/plugin-transform-property-literals
3539 silly ADD node_modules/@babel/plugin-transform-private-property-in-object
3540 silly ADD node_modules/@babel/plugin-transform-private-methods
3541 silly ADD node_modules/@babel/plugin-transform-parameters
3542 silly ADD node_modules/@babel/plugin-transform-optional-chaining
3543 silly ADD node_modules/@babel/plugin-transform-optional-catch-binding
3544 silly ADD node_modules/@babel/plugin-transform-object-super
3545 silly ADD node_modules/@babel/plugin-transform-object-rest-spread
3546 silly ADD node_modules/@babel/plugin-transform-numeric-separator
3547 silly ADD node_modules/@babel/plugin-transform-nullish-coalescing-operator
3548 silly ADD node_modules/@babel/plugin-transform-new-target
3549 silly ADD node_modules/@babel/plugin-transform-named-capturing-groups-regex
3550 silly ADD node_modules/@babel/plugin-transform-modules-umd
3551 silly ADD node_modules/@babel/plugin-transform-modules-systemjs
3552 silly ADD node_modules/@babel/plugin-transform-modules-commonjs
3553 silly ADD node_modules/@babel/plugin-transform-modules-amd
3554 silly ADD node_modules/@babel/plugin-transform-member-expression-literals
3555 silly ADD node_modules/@babel/plugin-transform-logical-assignment-operators
3556 silly ADD node_modules/@babel/plugin-transform-literals
3557 silly ADD node_modules/@babel/plugin-transform-json-strings
3558 silly ADD node_modules/@babel/plugin-transform-function-name
3559 silly ADD node_modules/@babel/plugin-transform-for-of
3560 silly ADD node_modules/@babel/plugin-transform-export-namespace-from
3561 silly ADD node_modules/@babel/plugin-transform-exponentiation-operator
3562 silly ADD node_modules/@babel/plugin-transform-explicit-resource-management
3563 silly ADD node_modules/@babel/plugin-transform-dynamic-import
3564 silly ADD node_modules/@babel/plugin-transform-duplicate-named-capturing-groups-regex
3565 silly ADD node_modules/@babel/plugin-transform-duplicate-keys
3566 silly ADD node_modules/@babel/plugin-transform-dotall-regex
3567 silly ADD node_modules/@babel/plugin-transform-destructuring
3568 silly ADD node_modules/@babel/plugin-transform-computed-properties
3569 silly ADD node_modules/@babel/plugin-transform-classes
3570 silly ADD node_modules/@babel/plugin-transform-class-static-block
3571 silly ADD node_modules/@babel/plugin-transform-class-properties
3572 silly ADD node_modules/@babel/plugin-transform-block-scoping
3573 silly ADD node_modules/@babel/plugin-transform-block-scoped-functions
3574 silly ADD node_modules/@babel/plugin-transform-async-to-generator
3575 silly ADD node_modules/@babel/plugin-transform-async-generator-functions
3576 silly ADD node_modules/@babel/plugin-transform-arrow-functions
3577 silly ADD node_modules/@babel/plugin-syntax-unicode-sets-regex
3578 silly ADD node_modules/@babel/plugin-syntax-typescript
3579 silly ADD node_modules/@babel/plugin-syntax-jsx
3580 silly ADD node_modules/@babel/plugin-syntax-import-attributes
3581 silly ADD node_modules/@babel/plugin-syntax-import-assertions
3582 silly ADD node_modules/@babel/plugin-syntax-dynamic-import
3583 silly ADD node_modules/@babel/plugin-syntax-bigint
3584 silly ADD node_modules/@babel/plugin-proposal-private-property-in-object
3585 silly ADD node_modules/@babel/plugin-bugfix-v8-static-class-fields-redefine-readonly
3586 silly ADD node_modules/@babel/plugin-bugfix-v8-spread-parameters-in-optional-chaining
3587 silly ADD node_modules/@babel/plugin-bugfix-safari-id-destructuring-collision-in-function-expression
3588 silly ADD node_modules/@babel/plugin-bugfix-safari-class-field-initializer-scope
3589 silly ADD node_modules/@babel/plugin-bugfix-firefox-class-in-computed-class-key
3590 silly ADD node_modules/@babel/parser
3591 silly ADD node_modules/@babel/helpers
3592 silly ADD node_modules/@babel/helper-wrap-function
3593 silly ADD node_modules/@babel/helper-validator-option
3594 silly ADD node_modules/@babel/helper-validator-identifier
3595 silly ADD node_modules/@babel/helper-string-parser
3596 silly ADD node_modules/@babel/helper-skip-transparent-expression-wrappers
3597 silly ADD node_modules/@babel/helper-replace-supers
3598 silly ADD node_modules/@babel/helper-remap-async-to-generator
3599 silly ADD node_modules/@babel/helper-plugin-utils
3600 silly ADD node_modules/@babel/helper-optimise-call-expression
3601 silly ADD node_modules/@babel/helper-module-transforms
3602 silly ADD node_modules/@babel/helper-module-imports
3603 silly ADD node_modules/@babel/helper-member-expression-to-functions
3604 silly ADD node_modules/@babel/helper-globals
3605 silly ADD node_modules/@babel/helper-define-polyfill-provider
3606 silly ADD node_modules/@babel/helper-create-regexp-features-plugin
3607 silly ADD node_modules/@babel/helper-create-regexp-features-plugin/node_modules/semver
3608 silly ADD node_modules/@babel/helper-create-class-features-plugin
3609 silly ADD node_modules/@babel/helper-create-class-features-plugin/node_modules/semver
3610 silly ADD node_modules/@babel/helper-compilation-targets
3611 silly ADD node_modules/@babel/helper-compilation-targets/node_modules/semver
3612 silly ADD node_modules/@babel/helper-annotate-as-pure
3613 silly ADD node_modules/@babel/generator
3614 silly ADD node_modules/@babel/core
3615 silly ADD node_modules/@babel/core/node_modules/semver
3616 silly ADD node_modules/@babel/compat-data
3617 silly ADD node_modules/@babel/code-frame
3618 silly ADD node_modules/@ampproject/remapping
3619 silly ADD node_modules/@alloc/quick-lru
3620 silly ADD node_modules/@adobe/css-tools
3621 timing command:ci Completed in 29581ms
3622 notice
3622 notice New major version of npm available! 9.8.1 -> 11.6.2
3622 notice Changelog: <https://github.com/npm/cli/releases/tag/v11.6.2>
3622 notice Run `npm install -g npm@11.6.2` to update!
3622 notice
3623 verbose exit 0
3624 timing npm Completed in 29720ms
3625 info ok
